file,category,key,scale,genre,bpm,bars,notes,description
Arps/By-Genre/01_Deep-House/Am_01_Deep-House_arp_up.mid,arp,A,natural_minor,01_Deep-House,122,4,64,01_Deep-House arp (up) — A
Arps/By-Genre/02_Future-House/Am_02_Future-House_arp_octave_up.mid,arp,A,natural_minor,02_Future-House,126,4,64,02_Future-House arp (octave_up) — A
Arps/By-Genre/03_Progressive-House/Am_03_Progressive-House_arp_updown.mid,arp,A,natural_minor,03_Progressive-House,128,4,64,03_Progressive-House arp (updown) — A
Arps/By-Genre/04_Tech-House/Am_04_Tech-House_arp_up.mid,arp,A,natural_minor,04_Tech-House,126,3,48,04_Tech-House arp (up) — A
Arps/By-Genre/05_Techno/Am_05_Techno_arp_up.mid,arp,A,natural_minor,05_Techno,130,4,64,05_Techno arp (up) — A
Arps/By-Genre/06_Melodic-Techno/Am_06_Melodic-Techno_arp_updown.mid,arp,A,natural_minor,06_Melodic-Techno,124,8,128,06_Melodic-Techno arp (updown) — A
Arps/By-Genre/07_Trance/Am_07_Trance_arp_updown.mid,arp,A,natural_minor,07_Trance,138,4,64,07_Trance arp (updown) — A
Arps/By-Genre/08_Hardstyle/Am_08_Hardstyle_arp_up.mid,arp,A,natural_minor,08_Hardstyle,150,4,64,08_Hardstyle arp (up) — A
Arps/By-Genre/09_Hardcore-Gabber/Am_09_Hardcore-Gabber_arp_up.mid,arp,A,natural_minor,09_Hardcore-Gabber,180,3,48,09_Hardcore-Gabber arp (up) — A
Arps/By-Genre/10_Dubstep/Am_10_Dubstep_arp_up.mid,arp,A,natural_minor,10_Dubstep,140,3,48,10_Dubstep arp (up) — A
Arps/By-Genre/11_Future-Bass/Am_11_Future-Bass_arp_octave_up.mid,arp,A,natural_minor,11_Future-Bass,150,4,64,11_Future-Bass arp (octave_up) — A
Arps/By-Genre/12_Lofi-Chill/Am_12_Lofi-Chill_arp_up.mid,arp,A,natural_minor,12_Lofi-Chill,85,4,64,12_Lofi-Chill arp (up) — A
Arps/By-Scale/A-minor/Am_arp_down.mid,arp,A,natural_minor,,124,4,64,A minor arpeggio — down
Arps/By-Scale/A-minor/Am_arp_octave_up.mid,arp,A,natural_minor,,124,4,64,A minor arpeggio — octave_up
Arps/By-Scale/A-minor/Am_arp_up.mid,arp,A,natural_minor,,124,4,64,A minor arpeggio — up
Arps/By-Scale/A-minor/Am_arp_updown.mid,arp,A,natural_minor,,124,4,64,A minor arpeggio — updown
Arps/By-Scale/As-minor/Asm_arp_down.mid,arp,As,natural_minor,,124,4,64,As minor arpeggio — down
Arps/By-Scale/As-minor/Asm_arp_octave_up.mid,arp,As,natural_minor,,124,4,64,As minor arpeggio — octave_up
Arps/By-Scale/As-minor/Asm_arp_up.mid,arp,As,natural_minor,,124,4,64,As minor arpeggio — up
Arps/By-Scale/As-minor/Asm_arp_updown.mid,arp,As,natural_minor,,124,4,64,As minor arpeggio — updown
Arps/By-Scale/B-minor/Bm_arp_down.mid,arp,B,natural_minor,,124,4,64,B minor arpeggio — down
Arps/By-Scale/B-minor/Bm_arp_octave_up.mid,arp,B,natural_minor,,124,4,64,B minor arpeggio — octave_up
Arps/By-Scale/B-minor/Bm_arp_up.mid,arp,B,natural_minor,,124,4,64,B minor arpeggio — up
Arps/By-Scale/B-minor/Bm_arp_updown.mid,arp,B,natural_minor,,124,4,64,B minor arpeggio — updown
Arps/By-Scale/C-minor/Cm_arp_down.mid,arp,C,natural_minor,,124,4,64,C minor arpeggio — down
Arps/By-Scale/C-minor/Cm_arp_octave_up.mid,arp,C,natural_minor,,124,4,64,C minor arpeggio — octave_up
Arps/By-Scale/C-minor/Cm_arp_up.mid,arp,C,natural_minor,,124,4,64,C minor arpeggio — up
Arps/By-Scale/C-minor/Cm_arp_updown.mid,arp,C,natural_minor,,124,4,64,C minor arpeggio — updown
Arps/By-Scale/Cs-minor/Csm_arp_down.mid,arp,Cs,natural_minor,,124,4,64,Cs minor arpeggio — down
Arps/By-Scale/Cs-minor/Csm_arp_octave_up.mid,arp,Cs,natural_minor,,124,4,64,Cs minor arpeggio — octave_up
Arps/By-Scale/Cs-minor/Csm_arp_up.mid,arp,Cs,natural_minor,,124,4,64,Cs minor arpeggio — up
Arps/By-Scale/Cs-minor/Csm_arp_updown.mid,arp,Cs,natural_minor,,124,4,64,Cs minor arpeggio — updown
Arps/By-Scale/D-minor/Dm_arp_down.mid,arp,D,natural_minor,,124,4,64,D minor arpeggio — down
Arps/By-Scale/D-minor/Dm_arp_octave_up.mid,arp,D,natural_minor,,124,4,64,D minor arpeggio — octave_up
Arps/By-Scale/D-minor/Dm_arp_up.mid,arp,D,natural_minor,,124,4,64,D minor arpeggio — up
Arps/By-Scale/D-minor/Dm_arp_updown.mid,arp,D,natural_minor,,124,4,64,D minor arpeggio — updown
Arps/By-Scale/Ds-minor/Dsm_arp_down.mid,arp,Ds,natural_minor,,124,4,64,Ds minor arpeggio — down
Arps/By-Scale/Ds-minor/Dsm_arp_octave_up.mid,arp,Ds,natural_minor,,124,4,64,Ds minor arpeggio — octave_up
Arps/By-Scale/Ds-minor/Dsm_arp_up.mid,arp,Ds,natural_minor,,124,4,64,Ds minor arpeggio — up
Arps/By-Scale/Ds-minor/Dsm_arp_updown.mid,arp,Ds,natural_minor,,124,4,64,Ds minor arpeggio — updown
Arps/By-Scale/E-minor/Em_arp_down.mid,arp,E,natural_minor,,124,4,64,E minor arpeggio — down
Arps/By-Scale/E-minor/Em_arp_octave_up.mid,arp,E,natural_minor,,124,4,64,E minor arpeggio — octave_up
Arps/By-Scale/E-minor/Em_arp_up.mid,arp,E,natural_minor,,124,4,64,E minor arpeggio — up
Arps/By-Scale/E-minor/Em_arp_updown.mid,arp,E,natural_minor,,124,4,64,E minor arpeggio — updown
Arps/By-Scale/F-minor/Fm_arp_down.mid,arp,F,natural_minor,,124,4,64,F minor arpeggio — down
Arps/By-Scale/F-minor/Fm_arp_octave_up.mid,arp,F,natural_minor,,124,4,64,F minor arpeggio — octave_up
Arps/By-Scale/F-minor/Fm_arp_up.mid,arp,F,natural_minor,,124,4,64,F minor arpeggio — up
Arps/By-Scale/F-minor/Fm_arp_updown.mid,arp,F,natural_minor,,124,4,64,F minor arpeggio — updown
Arps/By-Scale/Fs-minor/Fsm_arp_down.mid,arp,Fs,natural_minor,,124,4,64,Fs minor arpeggio — down
Arps/By-Scale/Fs-minor/Fsm_arp_octave_up.mid,arp,Fs,natural_minor,,124,4,64,Fs minor arpeggio — octave_up
Arps/By-Scale/Fs-minor/Fsm_arp_up.mid,arp,Fs,natural_minor,,124,4,64,Fs minor arpeggio — up
Arps/By-Scale/Fs-minor/Fsm_arp_updown.mid,arp,Fs,natural_minor,,124,4,64,Fs minor arpeggio — updown
Arps/By-Scale/G-minor/Gm_arp_down.mid,arp,G,natural_minor,,124,4,64,G minor arpeggio — down
Arps/By-Scale/G-minor/Gm_arp_octave_up.mid,arp,G,natural_minor,,124,4,64,G minor arpeggio — octave_up
Arps/By-Scale/G-minor/Gm_arp_up.mid,arp,G,natural_minor,,124,4,64,G minor arpeggio — up
Arps/By-Scale/G-minor/Gm_arp_updown.mid,arp,G,natural_minor,,124,4,64,G minor arpeggio — updown
Arps/By-Scale/Gs-minor/Gsm_arp_down.mid,arp,Gs,natural_minor,,124,4,64,Gs minor arpeggio — down
Arps/By-Scale/Gs-minor/Gsm_arp_octave_up.mid,arp,Gs,natural_minor,,124,4,64,Gs minor arpeggio — octave_up
Arps/By-Scale/Gs-minor/Gsm_arp_up.mid,arp,Gs,natural_minor,,124,4,64,Gs minor arpeggio — up
Arps/By-Scale/Gs-minor/Gsm_arp_updown.mid,arp,Gs,natural_minor,,124,4,64,Gs minor arpeggio — updown
Arrangement-Templates/01_Deep-House/Am_01_Deep-House_template_8bars.mid,template,A,natural_minor,01_Deep-House,122,8,444,01_Deep-House 8-bar template (chords/bass/arp/drums) — A minor
Arrangement-Templates/02_Future-House/Am_02_Future-House_template_8bars.mid,template,A,natural_minor,02_Future-House,126,8,500,02_Future-House 8-bar template (chords/bass/arp/drums) — A minor
Arrangement-Templates/03_Progressive-House/Am_03_Progressive-House_template_8bars.mid,template,A,natural_minor,03_Progressive-House,128,8,476,03_Progressive-House 8-bar template (chords/bass/arp/drums) — A minor
Arrangement-Templates/04_Tech-House/Am_04_Tech-House_template_9bars.mid,template,A,natural_minor,04_Tech-House,126,9,499,04_Tech-House 9-bar template (chords/bass/arp/drums) — A minor
Arrangement-Templates/05_Techno/Am_05_Techno_template_8bars.mid,template,A,natural_minor,05_Techno,130,8,508,05_Techno 8-bar template (chords/bass/arp/drums) — A minor
Arrangement-Templates/06_Melodic-Techno/Am_06_Melodic-Techno_template_8bars.mid,template,A,natural_minor,06_Melodic-Techno,124,8,488,06_Melodic-Techno 8-bar template (chords/bass/arp/drums) — A minor
Arrangement-Templates/07_Trance/Am_07_Trance_template_8bars.mid,template,A,natural_minor,07_Trance,138,8,500,07_Trance 8-bar template (chords/bass/arp/drums) — A minor
Arrangement-Templates/08_Hardstyle/Am_08_Hardstyle_template_8bars.mid,template,A,natural_minor,08_Hardstyle,150,8,300,08_Hardstyle 8-bar template (chords/bass/arp/drums) — A minor
Arrangement-Templates/09_Hardcore-Gabber/Am_09_Hardcore-Gabber_template_9bars.mid,template,A,natural_minor,09_Hardcore-Gabber,180,9,346,09_Hardcore-Gabber 9-bar template (chords/bass/arp/drums) — A minor
Arrangement-Templates/10_Dubstep/Am_10_Dubstep_template_9bars.mid,template,A,natural_minor,10_Dubstep,140,9,301,10_Dubstep 9-bar template (chords/bass/arp/drums) — A minor
Arrangement-Templates/11_Future-Bass/Am_11_Future-Bass_template_8bars.mid,template,A,natural_minor,11_Future-Bass,150,8,412,11_Future-Bass 8-bar template (chords/bass/arp/drums) — A minor
Arrangement-Templates/12_Lofi-Chill/Am_12_Lofi-Chill_template_8bars.mid,template,A,natural_minor,12_Lofi-Chill,85,8,292,12_Lofi-Chill 8-bar template (chords/bass/arp/drums) — A minor
Basslines/By-Genre/01_Deep-House/Am_01_Deep-House_bass_root_octave_8ths.mid,bassline,A,natural_minor,01_Deep-House,122,4,32,01_Deep-House bassline (root_octave_8ths) — A minor
Basslines/By-Genre/01_Deep-House/Asm_01_Deep-House_bass_root_octave_8ths.mid,bassline,As,natural_minor,01_Deep-House,122,4,32,01_Deep-House bassline (root_octave_8ths) — As minor
Basslines/By-Genre/01_Deep-House/Bm_01_Deep-House_bass_root_octave_8ths.mid,bassline,B,natural_minor,01_Deep-House,122,4,32,01_Deep-House bassline (root_octave_8ths) — B minor
Basslines/By-Genre/01_Deep-House/Cm_01_Deep-House_bass_root_octave_8ths.mid,bassline,C,natural_minor,01_Deep-House,122,4,32,01_Deep-House bassline (root_octave_8ths) — C minor
Basslines/By-Genre/01_Deep-House/Csm_01_Deep-House_bass_root_octave_8ths.mid,bassline,Cs,natural_minor,01_Deep-House,122,4,32,01_Deep-House bassline (root_octave_8ths) — Cs minor
Basslines/By-Genre/01_Deep-House/Dm_01_Deep-House_bass_root_octave_8ths.mid,bassline,D,natural_minor,01_Deep-House,122,4,32,01_Deep-House bassline (root_octave_8ths) — D minor
Basslines/By-Genre/01_Deep-House/Dsm_01_Deep-House_bass_root_octave_8ths.mid,bassline,Ds,natural_minor,01_Deep-House,122,4,32,01_Deep-House bassline (root_octave_8ths) — Ds minor
Basslines/By-Genre/01_Deep-House/Em_01_Deep-House_bass_root_octave_8ths.mid,bassline,E,natural_minor,01_Deep-House,122,4,32,01_Deep-House bassline (root_octave_8ths) — E minor
Basslines/By-Genre/01_Deep-House/Fm_01_Deep-House_bass_root_octave_8ths.mid,bassline,F,natural_minor,01_Deep-House,122,4,32,01_Deep-House bassline (root_octave_8ths) — F minor
Basslines/By-Genre/01_Deep-House/Fsm_01_Deep-House_bass_root_octave_8ths.mid,bassline,Fs,natural_minor,01_Deep-House,122,4,32,01_Deep-House bassline (root_octave_8ths) — Fs minor
Basslines/By-Genre/01_Deep-House/Gm_01_Deep-House_bass_root_octave_8ths.mid,bassline,G,natural_minor,01_Deep-House,122,4,32,01_Deep-House bassline (root_octave_8ths) — G minor
Basslines/By-Genre/01_Deep-House/Gsm_01_Deep-House_bass_root_octave_8ths.mid,bassline,Gs,natural_minor,01_Deep-House,122,4,32,01_Deep-House bassline (root_octave_8ths) — Gs minor
Basslines/By-Genre/02_Future-House/Am_02_Future-House_bass_rolling_16ths.mid,bassline,A,natural_minor,02_Future-House,126,4,64,02_Future-House bassline (rolling_16ths) — A minor
Basslines/By-Genre/02_Future-House/Asm_02_Future-House_bass_rolling_16ths.mid,bassline,As,natural_minor,02_Future-House,126,4,64,02_Future-House bassline (rolling_16ths) — As minor
Basslines/By-Genre/02_Future-House/Bm_02_Future-House_bass_rolling_16ths.mid,bassline,B,natural_minor,02_Future-House,126,4,64,02_Future-House bassline (rolling_16ths) — B minor
Basslines/By-Genre/02_Future-House/Cm_02_Future-House_bass_rolling_16ths.mid,bassline,C,natural_minor,02_Future-House,126,4,64,02_Future-House bassline (rolling_16ths) — C minor
Basslines/By-Genre/02_Future-House/Csm_02_Future-House_bass_rolling_16ths.mid,bassline,Cs,natural_minor,02_Future-House,126,4,64,02_Future-House bassline (rolling_16ths) — Cs minor
Basslines/By-Genre/02_Future-House/Dm_02_Future-House_bass_rolling_16ths.mid,bassline,D,natural_minor,02_Future-House,126,4,64,02_Future-House bassline (rolling_16ths) — D minor
Basslines/By-Genre/02_Future-House/Dsm_02_Future-House_bass_rolling_16ths.mid,bassline,Ds,natural_minor,02_Future-House,126,4,64,02_Future-House bassline (rolling_16ths) — Ds minor
Basslines/By-Genre/02_Future-House/Em_02_Future-House_bass_rolling_16ths.mid,bassline,E,natural_minor,02_Future-House,126,4,64,02_Future-House bassline (rolling_16ths) — E minor
Basslines/By-Genre/02_Future-House/Fm_02_Future-House_bass_rolling_16ths.mid,bassline,F,natural_minor,02_Future-House,126,4,64,02_Future-House bassline (rolling_16ths) — F minor
Basslines/By-Genre/02_Future-House/Fsm_02_Future-House_bass_rolling_16ths.mid,bassline,Fs,natural_minor,02_Future-House,126,4,64,02_Future-House bassline (rolling_16ths) — Fs minor
Basslines/By-Genre/02_Future-House/Gm_02_Future-House_bass_rolling_16ths.mid,bassline,G,natural_minor,02_Future-House,126,4,64,02_Future-House bassline (rolling_16ths) — G minor
Basslines/By-Genre/02_Future-House/Gsm_02_Future-House_bass_rolling_16ths.mid,bassline,Gs,natural_minor,02_Future-House,126,4,64,02_Future-House bassline (rolling_16ths) — Gs minor
Basslines/By-Genre/03_Progressive-House/Am_03_Progressive-House_bass_rolling_16ths.mid,bassline,A,natural_minor,03_Progressive-House,128,4,64,03_Progressive-House bassline (rolling_16ths) — A minor
Basslines/By-Genre/03_Progressive-House/Asm_03_Progressive-House_bass_rolling_16ths.mid,bassline,As,natural_minor,03_Progressive-House,128,4,64,03_Progressive-House bassline (rolling_16ths) — As minor
Basslines/By-Genre/03_Progressive-House/Bm_03_Progressive-House_bass_rolling_16ths.mid,bassline,B,natural_minor,03_Progressive-House,128,4,64,03_Progressive-House bassline (rolling_16ths) — B minor
Basslines/By-Genre/03_Progressive-House/Cm_03_Progressive-House_bass_rolling_16ths.mid,bassline,C,natural_minor,03_Progressive-House,128,4,64,03_Progressive-House bassline (rolling_16ths) — C minor
Basslines/By-Genre/03_Progressive-House/Csm_03_Progressive-House_bass_rolling_16ths.mid,bassline,Cs,natural_minor,03_Progressive-House,128,4,64,03_Progressive-House bassline (rolling_16ths) — Cs minor
Basslines/By-Genre/03_Progressive-House/Dm_03_Progressive-House_bass_rolling_16ths.mid,bassline,D,natural_minor,03_Progressive-House,128,4,64,03_Progressive-House bassline (rolling_16ths) — D minor
Basslines/By-Genre/03_Progressive-House/Dsm_03_Progressive-House_bass_rolling_16ths.mid,bassline,Ds,natural_minor,03_Progressive-House,128,4,64,03_Progressive-House bassline (rolling_16ths) — Ds minor
Basslines/By-Genre/03_Progressive-House/Em_03_Progressive-House_bass_rolling_16ths.mid,bassline,E,natural_minor,03_Progressive-House,128,4,64,03_Progressive-House bassline (rolling_16ths) — E minor
Basslines/By-Genre/03_Progressive-House/Fm_03_Progressive-House_bass_rolling_16ths.mid,bassline,F,natural_minor,03_Progressive-House,128,4,64,03_Progressive-House bassline (rolling_16ths) — F minor
Basslines/By-Genre/03_Progressive-House/Fsm_03_Progressive-House_bass_rolling_16ths.mid,bassline,Fs,natural_minor,03_Progressive-House,128,4,64,03_Progressive-House bassline (rolling_16ths) — Fs minor
Basslines/By-Genre/03_Progressive-House/Gm_03_Progressive-House_bass_rolling_16ths.mid,bassline,G,natural_minor,03_Progressive-House,128,4,64,03_Progressive-House bassline (rolling_16ths) — G minor
Basslines/By-Genre/03_Progressive-House/Gsm_03_Progressive-House_bass_rolling_16ths.mid,bassline,Gs,natural_minor,03_Progressive-House,128,4,64,03_Progressive-House bassline (rolling_16ths) — Gs minor
Basslines/By-Genre/04_Tech-House/Am_04_Tech-House_bass_offbeat_8ths.mid,bassline,A,natural_minor,04_Tech-House,126,3,12,04_Tech-House bassline (offbeat_8ths) — A minor
Basslines/By-Genre/04_Tech-House/Asm_04_Tech-House_bass_offbeat_8ths.mid,bassline,As,natural_minor,04_Tech-House,126,3,12,04_Tech-House bassline (offbeat_8ths) — As minor
Basslines/By-Genre/04_Tech-House/Bm_04_Tech-House_bass_offbeat_8ths.mid,bassline,B,natural_minor,04_Tech-House,126,3,12,04_Tech-House bassline (offbeat_8ths) — B minor
Basslines/By-Genre/04_Tech-House/Cm_04_Tech-House_bass_offbeat_8ths.mid,bassline,C,natural_minor,04_Tech-House,126,3,12,04_Tech-House bassline (offbeat_8ths) — C minor
Basslines/By-Genre/04_Tech-House/Csm_04_Tech-House_bass_offbeat_8ths.mid,bassline,Cs,natural_minor,04_Tech-House,126,3,12,04_Tech-House bassline (offbeat_8ths) — Cs minor
Basslines/By-Genre/04_Tech-House/Dm_04_Tech-House_bass_offbeat_8ths.mid,bassline,D,natural_minor,04_Tech-House,126,3,12,04_Tech-House bassline (offbeat_8ths) — D minor
Basslines/By-Genre/04_Tech-House/Dsm_04_Tech-House_bass_offbeat_8ths.mid,bassline,Ds,natural_minor,04_Tech-House,126,3,12,04_Tech-House bassline (offbeat_8ths) — Ds minor
Basslines/By-Genre/04_Tech-House/Em_04_Tech-House_bass_offbeat_8ths.mid,bassline,E,natural_minor,04_Tech-House,126,3,12,04_Tech-House bassline (offbeat_8ths) — E minor
Basslines/By-Genre/04_Tech-House/Fm_04_Tech-House_bass_offbeat_8ths.mid,bassline,F,natural_minor,04_Tech-House,126,3,12,04_Tech-House bassline (offbeat_8ths) — F minor
Basslines/By-Genre/04_Tech-House/Fsm_04_Tech-House_bass_offbeat_8ths.mid,bassline,Fs,natural_minor,04_Tech-House,126,3,12,04_Tech-House bassline (offbeat_8ths) — Fs minor
Basslines/By-Genre/04_Tech-House/Gm_04_Tech-House_bass_offbeat_8ths.mid,bassline,G,natural_minor,04_Tech-House,126,3,12,04_Tech-House bassline (offbeat_8ths) — G minor
Basslines/By-Genre/04_Tech-House/Gsm_04_Tech-House_bass_offbeat_8ths.mid,bassline,Gs,natural_minor,04_Tech-House,126,3,12,04_Tech-House bassline (offbeat_8ths) — Gs minor
Basslines/By-Genre/05_Techno/Am_05_Techno_bass_rolling_16ths.mid,bassline,A,natural_minor,05_Techno,130,4,64,05_Techno bassline (rolling_16ths) — A minor
Basslines/By-Genre/05_Techno/Asm_05_Techno_bass_rolling_16ths.mid,bassline,As,natural_minor,05_Techno,130,4,64,05_Techno bassline (rolling_16ths) — As minor
Basslines/By-Genre/05_Techno/Bm_05_Techno_bass_rolling_16ths.mid,bassline,B,natural_minor,05_Techno,130,4,64,05_Techno bassline (rolling_16ths) — B minor
Basslines/By-Genre/05_Techno/Cm_05_Techno_bass_rolling_16ths.mid,bassline,C,natural_minor,05_Techno,130,4,64,05_Techno bassline (rolling_16ths) — C minor
Basslines/By-Genre/05_Techno/Csm_05_Techno_bass_rolling_16ths.mid,bassline,Cs,natural_minor,05_Techno,130,4,64,05_Techno bassline (rolling_16ths) — Cs minor
Basslines/By-Genre/05_Techno/Dm_05_Techno_bass_rolling_16ths.mid,bassline,D,natural_minor,05_Techno,130,4,64,05_Techno bassline (rolling_16ths) — D minor
Basslines/By-Genre/05_Techno/Dsm_05_Techno_bass_rolling_16ths.mid,bassline,Ds,natural_minor,05_Techno,130,4,64,05_Techno bassline (rolling_16ths) — Ds minor
Basslines/By-Genre/05_Techno/Em_05_Techno_bass_rolling_16ths.mid,bassline,E,natural_minor,05_Techno,130,4,64,05_Techno bassline (rolling_16ths) — E minor
Basslines/By-Genre/05_Techno/Fm_05_Techno_bass_rolling_16ths.mid,bassline,F,natural_minor,05_Techno,130,4,64,05_Techno bassline (rolling_16ths) — F minor
Basslines/By-Genre/05_Techno/Fsm_05_Techno_bass_rolling_16ths.mid,bassline,Fs,natural_minor,05_Techno,130,4,64,05_Techno bassline (rolling_16ths) — Fs minor
Basslines/By-Genre/05_Techno/Gm_05_Techno_bass_rolling_16ths.mid,bassline,G,natural_minor,05_Techno,130,4,64,05_Techno bassline (rolling_16ths) — G minor
Basslines/By-Genre/05_Techno/Gsm_05_Techno_bass_rolling_16ths.mid,bassline,Gs,natural_minor,05_Techno,130,4,64,05_Techno bassline (rolling_16ths) — Gs minor
Basslines/By-Genre/06_Melodic-Techno/Am_06_Melodic-Techno_bass_rolling_16ths.mid,bassline,A,natural_minor,06_Melodic-Techno,124,8,128,06_Melodic-Techno bassline (rolling_16ths) — A minor
Basslines/By-Genre/06_Melodic-Techno/Asm_06_Melodic-Techno_bass_rolling_16ths.mid,bassline,As,natural_minor,06_Melodic-Techno,124,8,128,06_Melodic-Techno bassline (rolling_16ths) — As minor
Basslines/By-Genre/06_Melodic-Techno/Bm_06_Melodic-Techno_bass_rolling_16ths.mid,bassline,B,natural_minor,06_Melodic-Techno,124,8,128,06_Melodic-Techno bassline (rolling_16ths) — B minor
Basslines/By-Genre/06_Melodic-Techno/Cm_06_Melodic-Techno_bass_rolling_16ths.mid,bassline,C,natural_minor,06_Melodic-Techno,124,8,128,06_Melodic-Techno bassline (rolling_16ths) — C minor
Basslines/By-Genre/06_Melodic-Techno/Csm_06_Melodic-Techno_bass_rolling_16ths.mid,bassline,Cs,natural_minor,06_Melodic-Techno,124,8,128,06_Melodic-Techno bassline (rolling_16ths) — Cs minor
Basslines/By-Genre/06_Melodic-Techno/Dm_06_Melodic-Techno_bass_rolling_16ths.mid,bassline,D,natural_minor,06_Melodic-Techno,124,8,128,06_Melodic-Techno bassline (rolling_16ths) — D minor
Basslines/By-Genre/06_Melodic-Techno/Dsm_06_Melodic-Techno_bass_rolling_16ths.mid,bassline,Ds,natural_minor,06_Melodic-Techno,124,8,128,06_Melodic-Techno bassline (rolling_16ths) — Ds minor
Basslines/By-Genre/06_Melodic-Techno/Em_06_Melodic-Techno_bass_rolling_16ths.mid,bassline,E,natural_minor,06_Melodic-Techno,124,8,128,06_Melodic-Techno bassline (rolling_16ths) — E minor
Basslines/By-Genre/06_Melodic-Techno/Fm_06_Melodic-Techno_bass_rolling_16ths.mid,bassline,F,natural_minor,06_Melodic-Techno,124,8,128,06_Melodic-Techno bassline (rolling_16ths) — F minor
Basslines/By-Genre/06_Melodic-Techno/Fsm_06_Melodic-Techno_bass_rolling_16ths.mid,bassline,Fs,natural_minor,06_Melodic-Techno,124,8,128,06_Melodic-Techno bassline (rolling_16ths) — Fs minor
Basslines/By-Genre/06_Melodic-Techno/Gm_06_Melodic-Techno_bass_rolling_16ths.mid,bassline,G,natural_minor,06_Melodic-Techno,124,8,128,06_Melodic-Techno bassline (rolling_16ths) — G minor
Basslines/By-Genre/06_Melodic-Techno/Gsm_06_Melodic-Techno_bass_rolling_16ths.mid,bassline,Gs,natural_minor,06_Melodic-Techno,124,8,128,06_Melodic-Techno bassline (rolling_16ths) — Gs minor
Basslines/By-Genre/07_Trance/Am_07_Trance_bass_rolling_16ths.mid,bassline,A,natural_minor,07_Trance,138,4,64,07_Trance bassline (rolling_16ths) — A minor
Basslines/By-Genre/07_Trance/Asm_07_Trance_bass_rolling_16ths.mid,bassline,As,natural_minor,07_Trance,138,4,64,07_Trance bassline (rolling_16ths) — As minor
Basslines/By-Genre/07_Trance/Bm_07_Trance_bass_rolling_16ths.mid,bassline,B,natural_minor,07_Trance,138,4,64,07_Trance bassline (rolling_16ths) — B minor
Basslines/By-Genre/07_Trance/Cm_07_Trance_bass_rolling_16ths.mid,bassline,C,natural_minor,07_Trance,138,4,64,07_Trance bassline (rolling_16ths) — C minor
Basslines/By-Genre/07_Trance/Csm_07_Trance_bass_rolling_16ths.mid,bassline,Cs,natural_minor,07_Trance,138,4,64,07_Trance bassline (rolling_16ths) — Cs minor
Basslines/By-Genre/07_Trance/Dm_07_Trance_bass_rolling_16ths.mid,bassline,D,natural_minor,07_Trance,138,4,64,07_Trance bassline (rolling_16ths) — D minor
Basslines/By-Genre/07_Trance/Dsm_07_Trance_bass_rolling_16ths.mid,bassline,Ds,natural_minor,07_Trance,138,4,64,07_Trance bassline (rolling_16ths) — Ds minor
Basslines/By-Genre/07_Trance/Em_07_Trance_bass_rolling_16ths.mid,bassline,E,natural_minor,07_Trance,138,4,64,07_Trance bassline (rolling_16ths) — E minor
Basslines/By-Genre/07_Trance/Fm_07_Trance_bass_rolling_16ths.mid,bassline,F,natural_minor,07_Trance,138,4,64,07_Trance bassline (rolling_16ths) — F minor
Basslines/By-Genre/07_Trance/Fsm_07_Trance_bass_rolling_16ths.mid,bassline,Fs,natural_minor,07_Trance,138,4,64,07_Trance bassline (rolling_16ths) — Fs minor
Basslines/By-Genre/07_Trance/Gm_07_Trance_bass_rolling_16ths.mid,bassline,G,natural_minor,07_Trance,138,4,64,07_Trance bassline (rolling_16ths) — G minor
Basslines/By-Genre/07_Trance/Gsm_07_Trance_bass_rolling_16ths.mid,bassline,Gs,natural_minor,07_Trance,138,4,64,07_Trance bassline (rolling_16ths) — Gs minor
Basslines/By-Genre/08_Hardstyle/Am_08_Hardstyle_bass_hardstyle_offbeat.mid,bassline,A,natural_minor,08_Hardstyle,150,4,16,08_Hardstyle bassline (hardstyle_offbeat) — A minor
Basslines/By-Genre/08_Hardstyle/Asm_08_Hardstyle_bass_hardstyle_offbeat.mid,bassline,As,natural_minor,08_Hardstyle,150,4,16,08_Hardstyle bassline (hardstyle_offbeat) — As minor
Basslines/By-Genre/08_Hardstyle/Bm_08_Hardstyle_bass_hardstyle_offbeat.mid,bassline,B,natural_minor,08_Hardstyle,150,4,16,08_Hardstyle bassline (hardstyle_offbeat) — B minor
Basslines/By-Genre/08_Hardstyle/Cm_08_Hardstyle_bass_hardstyle_offbeat.mid,bassline,C,natural_minor,08_Hardstyle,150,4,16,08_Hardstyle bassline (hardstyle_offbeat) — C minor
Basslines/By-Genre/08_Hardstyle/Csm_08_Hardstyle_bass_hardstyle_offbeat.mid,bassline,Cs,natural_minor,08_Hardstyle,150,4,16,08_Hardstyle bassline (hardstyle_offbeat) — Cs minor
Basslines/By-Genre/08_Hardstyle/Dm_08_Hardstyle_bass_hardstyle_offbeat.mid,bassline,D,natural_minor,08_Hardstyle,150,4,16,08_Hardstyle bassline (hardstyle_offbeat) — D minor
Basslines/By-Genre/08_Hardstyle/Dsm_08_Hardstyle_bass_hardstyle_offbeat.mid,bassline,Ds,natural_minor,08_Hardstyle,150,4,16,08_Hardstyle bassline (hardstyle_offbeat) — Ds minor
Basslines/By-Genre/08_Hardstyle/Em_08_Hardstyle_bass_hardstyle_offbeat.mid,bassline,E,natural_minor,08_Hardstyle,150,4,16,08_Hardstyle bassline (hardstyle_offbeat) — E minor
Basslines/By-Genre/08_Hardstyle/Fm_08_Hardstyle_bass_hardstyle_offbeat.mid,bassline,F,natural_minor,08_Hardstyle,150,4,16,08_Hardstyle bassline (hardstyle_offbeat) — F minor
Basslines/By-Genre/08_Hardstyle/Fsm_08_Hardstyle_bass_hardstyle_offbeat.mid,bassline,Fs,natural_minor,08_Hardstyle,150,4,16,08_Hardstyle bassline (hardstyle_offbeat) — Fs minor
Basslines/By-Genre/08_Hardstyle/Gm_08_Hardstyle_bass_hardstyle_offbeat.mid,bassline,G,natural_minor,08_Hardstyle,150,4,16,08_Hardstyle bassline (hardstyle_offbeat) — G minor
Basslines/By-Genre/08_Hardstyle/Gsm_08_Hardstyle_bass_hardstyle_offbeat.mid,bassline,Gs,natural_minor,08_Hardstyle,150,4,16,08_Hardstyle bassline (hardstyle_offbeat) — Gs minor
Basslines/By-Genre/09_Hardcore-Gabber/Am_09_Hardcore-Gabber_bass_sustained.mid,bassline,A,natural_minor,09_Hardcore-Gabber,180,3,3,09_Hardcore-Gabber bassline (sustained) — A minor
Basslines/By-Genre/09_Hardcore-Gabber/Asm_09_Hardcore-Gabber_bass_sustained.mid,bassline,As,natural_minor,09_Hardcore-Gabber,180,3,3,09_Hardcore-Gabber bassline (sustained) — As minor
Basslines/By-Genre/09_Hardcore-Gabber/Bm_09_Hardcore-Gabber_bass_sustained.mid,bassline,B,natural_minor,09_Hardcore-Gabber,180,3,3,09_Hardcore-Gabber bassline (sustained) — B minor
Basslines/By-Genre/09_Hardcore-Gabber/Cm_09_Hardcore-Gabber_bass_sustained.mid,bassline,C,natural_minor,09_Hardcore-Gabber,180,3,3,09_Hardcore-Gabber bassline (sustained) — C minor
Basslines/By-Genre/09_Hardcore-Gabber/Csm_09_Hardcore-Gabber_bass_sustained.mid,bassline,Cs,natural_minor,09_Hardcore-Gabber,180,3,3,09_Hardcore-Gabber bassline (sustained) — Cs minor
Basslines/By-Genre/09_Hardcore-Gabber/Dm_09_Hardcore-Gabber_bass_sustained.mid,bassline,D,natural_minor,09_Hardcore-Gabber,180,3,3,09_Hardcore-Gabber bassline (sustained) — D minor
Basslines/By-Genre/09_Hardcore-Gabber/Dsm_09_Hardcore-Gabber_bass_sustained.mid,bassline,Ds,natural_minor,09_Hardcore-Gabber,180,3,3,09_Hardcore-Gabber bassline (sustained) — Ds minor
Basslines/By-Genre/09_Hardcore-Gabber/Em_09_Hardcore-Gabber_bass_sustained.mid,bassline,E,natural_minor,09_Hardcore-Gabber,180,3,3,09_Hardcore-Gabber bassline (sustained) — E minor
Basslines/By-Genre/09_Hardcore-Gabber/Fm_09_Hardcore-Gabber_bass_sustained.mid,bassline,F,natural_minor,09_Hardcore-Gabber,180,3,3,09_Hardcore-Gabber bassline (sustained) — F minor
Basslines/By-Genre/09_Hardcore-Gabber/Fsm_09_Hardcore-Gabber_bass_sustained.mid,bassline,Fs,natural_minor,09_Hardcore-Gabber,180,3,3,09_Hardcore-Gabber bassline (sustained) — Fs minor
Basslines/By-Genre/09_Hardcore-Gabber/Gm_09_Hardcore-Gabber_bass_sustained.mid,bassline,G,natural_minor,09_Hardcore-Gabber,180,3,3,09_Hardcore-Gabber bassline (sustained) — G minor
Basslines/By-Genre/09_Hardcore-Gabber/Gsm_09_Hardcore-Gabber_bass_sustained.mid,bassline,Gs,natural_minor,09_Hardcore-Gabber,180,3,3,09_Hardcore-Gabber bassline (sustained) — Gs minor
Basslines/By-Genre/10_Dubstep/Am_10_Dubstep_bass_reese_sustain.mid,bassline,A,natural_minor,10_Dubstep,140,3,3,10_Dubstep bassline (reese_sustain) — A minor
Basslines/By-Genre/10_Dubstep/Asm_10_Dubstep_bass_reese_sustain.mid,bassline,As,natural_minor,10_Dubstep,140,3,3,10_Dubstep bassline (reese_sustain) — As minor
Basslines/By-Genre/10_Dubstep/Bm_10_Dubstep_bass_reese_sustain.mid,bassline,B,natural_minor,10_Dubstep,140,3,3,10_Dubstep bassline (reese_sustain) — B minor
Basslines/By-Genre/10_Dubstep/Cm_10_Dubstep_bass_reese_sustain.mid,bassline,C,natural_minor,10_Dubstep,140,3,3,10_Dubstep bassline (reese_sustain) — C minor
Basslines/By-Genre/10_Dubstep/Csm_10_Dubstep_bass_reese_sustain.mid,bassline,Cs,natural_minor,10_Dubstep,140,3,3,10_Dubstep bassline (reese_sustain) — Cs minor
Basslines/By-Genre/10_Dubstep/Dm_10_Dubstep_bass_reese_sustain.mid,bassline,D,natural_minor,10_Dubstep,140,3,3,10_Dubstep bassline (reese_sustain) — D minor
Basslines/By-Genre/10_Dubstep/Dsm_10_Dubstep_bass_reese_sustain.mid,bassline,Ds,natural_minor,10_Dubstep,140,3,3,10_Dubstep bassline (reese_sustain) — Ds minor
Basslines/By-Genre/10_Dubstep/Em_10_Dubstep_bass_reese_sustain.mid,bassline,E,natural_minor,10_Dubstep,140,3,3,10_Dubstep bassline (reese_sustain) — E minor
Basslines/By-Genre/10_Dubstep/Fm_10_Dubstep_bass_reese_sustain.mid,bassline,F,natural_minor,10_Dubstep,140,3,3,10_Dubstep bassline (reese_sustain) — F minor
Basslines/By-Genre/10_Dubstep/Fsm_10_Dubstep_bass_reese_sustain.mid,bassline,Fs,natural_minor,10_Dubstep,140,3,3,10_Dubstep bassline (reese_sustain) — Fs minor
Basslines/By-Genre/10_Dubstep/Gm_10_Dubstep_bass_reese_sustain.mid,bassline,G,natural_minor,10_Dubstep,140,3,3,10_Dubstep bassline (reese_sustain) — G minor
Basslines/By-Genre/10_Dubstep/Gsm_10_Dubstep_bass_reese_sustain.mid,bassline,Gs,natural_minor,10_Dubstep,140,3,3,10_Dubstep bassline (reese_sustain) — Gs minor
Basslines/By-Genre/11_Future-Bass/Am_11_Future-Bass_bass_root_octave_8ths.mid,bassline,A,natural_minor,11_Future-Bass,150,4,32,11_Future-Bass bassline (root_octave_8ths) — A minor
Basslines/By-Genre/11_Future-Bass/Asm_11_Future-Bass_bass_root_octave_8ths.mid,bassline,As,natural_minor,11_Future-Bass,150,4,32,11_Future-Bass bassline (root_octave_8ths) — As minor
Basslines/By-Genre/11_Future-Bass/Bm_11_Future-Bass_bass_root_octave_8ths.mid,bassline,B,natural_minor,11_Future-Bass,150,4,32,11_Future-Bass bassline (root_octave_8ths) — B minor
Basslines/By-Genre/11_Future-Bass/Cm_11_Future-Bass_bass_root_octave_8ths.mid,bassline,C,natural_minor,11_Future-Bass,150,4,32,11_Future-Bass bassline (root_octave_8ths) — C minor
Basslines/By-Genre/11_Future-Bass/Csm_11_Future-Bass_bass_root_octave_8ths.mid,bassline,Cs,natural_minor,11_Future-Bass,150,4,32,11_Future-Bass bassline (root_octave_8ths) — Cs minor
Basslines/By-Genre/11_Future-Bass/Dm_11_Future-Bass_bass_root_octave_8ths.mid,bassline,D,natural_minor,11_Future-Bass,150,4,32,11_Future-Bass bassline (root_octave_8ths) — D minor
Basslines/By-Genre/11_Future-Bass/Dsm_11_Future-Bass_bass_root_octave_8ths.mid,bassline,Ds,natural_minor,11_Future-Bass,150,4,32,11_Future-Bass bassline (root_octave_8ths) — Ds minor
Basslines/By-Genre/11_Future-Bass/Em_11_Future-Bass_bass_root_octave_8ths.mid,bassline,E,natural_minor,11_Future-Bass,150,4,32,11_Future-Bass bassline (root_octave_8ths) — E minor
Basslines/By-Genre/11_Future-Bass/Fm_11_Future-Bass_bass_root_octave_8ths.mid,bassline,F,natural_minor,11_Future-Bass,150,4,32,11_Future-Bass bassline (root_octave_8ths) — F minor
Basslines/By-Genre/11_Future-Bass/Fsm_11_Future-Bass_bass_root_octave_8ths.mid,bassline,Fs,natural_minor,11_Future-Bass,150,4,32,11_Future-Bass bassline (root_octave_8ths) — Fs minor
Basslines/By-Genre/11_Future-Bass/Gm_11_Future-Bass_bass_root_octave_8ths.mid,bassline,G,natural_minor,11_Future-Bass,150,4,32,11_Future-Bass bassline (root_octave_8ths) — G minor
Basslines/By-Genre/11_Future-Bass/Gsm_11_Future-Bass_bass_root_octave_8ths.mid,bassline,Gs,natural_minor,11_Future-Bass,150,4,32,11_Future-Bass bassline (root_octave_8ths) — Gs minor
Basslines/By-Genre/12_Lofi-Chill/Am_12_Lofi-Chill_bass_sustained.mid,bassline,A,natural_minor,12_Lofi-Chill,85,4,4,12_Lofi-Chill bassline (sustained) — A minor
Basslines/By-Genre/12_Lofi-Chill/Asm_12_Lofi-Chill_bass_sustained.mid,bassline,As,natural_minor,12_Lofi-Chill,85,4,4,12_Lofi-Chill bassline (sustained) — As minor
Basslines/By-Genre/12_Lofi-Chill/Bm_12_Lofi-Chill_bass_sustained.mid,bassline,B,natural_minor,12_Lofi-Chill,85,4,4,12_Lofi-Chill bassline (sustained) — B minor
Basslines/By-Genre/12_Lofi-Chill/Cm_12_Lofi-Chill_bass_sustained.mid,bassline,C,natural_minor,12_Lofi-Chill,85,4,4,12_Lofi-Chill bassline (sustained) — C minor
Basslines/By-Genre/12_Lofi-Chill/Csm_12_Lofi-Chill_bass_sustained.mid,bassline,Cs,natural_minor,12_Lofi-Chill,85,4,4,12_Lofi-Chill bassline (sustained) — Cs minor
Basslines/By-Genre/12_Lofi-Chill/Dm_12_Lofi-Chill_bass_sustained.mid,bassline,D,natural_minor,12_Lofi-Chill,85,4,4,12_Lofi-Chill bassline (sustained) — D minor
Basslines/By-Genre/12_Lofi-Chill/Dsm_12_Lofi-Chill_bass_sustained.mid,bassline,Ds,natural_minor,12_Lofi-Chill,85,4,4,12_Lofi-Chill bassline (sustained) — Ds minor
Basslines/By-Genre/12_Lofi-Chill/Em_12_Lofi-Chill_bass_sustained.mid,bassline,E,natural_minor,12_Lofi-Chill,85,4,4,12_Lofi-Chill bassline (sustained) — E minor
Basslines/By-Genre/12_Lofi-Chill/Fm_12_Lofi-Chill_bass_sustained.mid,bassline,F,natural_minor,12_Lofi-Chill,85,4,4,12_Lofi-Chill bassline (sustained) — F minor
Basslines/By-Genre/12_Lofi-Chill/Fsm_12_Lofi-Chill_bass_sustained.mid,bassline,Fs,natural_minor,12_Lofi-Chill,85,4,4,12_Lofi-Chill bassline (sustained) — Fs minor
Basslines/By-Genre/12_Lofi-Chill/Gm_12_Lofi-Chill_bass_sustained.mid,bassline,G,natural_minor,12_Lofi-Chill,85,4,4,12_Lofi-Chill bassline (sustained) — G minor
Basslines/By-Genre/12_Lofi-Chill/Gsm_12_Lofi-Chill_bass_sustained.mid,bassline,Gs,natural_minor,12_Lofi-Chill,85,4,4,12_Lofi-Chill bassline (sustained) — Gs minor
Basslines/By-Scale/A-minor/Am_bass_hardstyle_offbeat.mid,bassline,A,natural_minor,,124,4,16,A minor bassline — hardstyle_offbeat
Basslines/By-Scale/A-minor/Am_bass_offbeat_8ths.mid,bassline,A,natural_minor,,124,4,16,A minor bassline — offbeat_8ths
Basslines/By-Scale/A-minor/Am_bass_reese_sustain.mid,bassline,A,natural_minor,,124,4,4,A minor bassline — reese_sustain
Basslines/By-Scale/A-minor/Am_bass_rolling_16ths.mid,bassline,A,natural_minor,,124,4,64,A minor bassline — rolling_16ths
Basslines/By-Scale/A-minor/Am_bass_root_octave_8ths.mid,bassline,A,natural_minor,,124,4,32,A minor bassline — root_octave_8ths
Basslines/By-Scale/A-minor/Am_bass_sustained.mid,bassline,A,natural_minor,,124,4,4,A minor bassline — sustained
Basslines/By-Scale/As-minor/Asm_bass_hardstyle_offbeat.mid,bassline,As,natural_minor,,124,4,16,As minor bassline — hardstyle_offbeat
Basslines/By-Scale/As-minor/Asm_bass_offbeat_8ths.mid,bassline,As,natural_minor,,124,4,16,As minor bassline — offbeat_8ths
Basslines/By-Scale/As-minor/Asm_bass_reese_sustain.mid,bassline,As,natural_minor,,124,4,4,As minor bassline — reese_sustain
Basslines/By-Scale/As-minor/Asm_bass_rolling_16ths.mid,bassline,As,natural_minor,,124,4,64,As minor bassline — rolling_16ths
Basslines/By-Scale/As-minor/Asm_bass_root_octave_8ths.mid,bassline,As,natural_minor,,124,4,32,As minor bassline — root_octave_8ths
Basslines/By-Scale/As-minor/Asm_bass_sustained.mid,bassline,As,natural_minor,,124,4,4,As minor bassline — sustained
Basslines/By-Scale/B-minor/Bm_bass_hardstyle_offbeat.mid,bassline,B,natural_minor,,124,4,16,B minor bassline — hardstyle_offbeat
Basslines/By-Scale/B-minor/Bm_bass_offbeat_8ths.mid,bassline,B,natural_minor,,124,4,16,B minor bassline — offbeat_8ths
Basslines/By-Scale/B-minor/Bm_bass_reese_sustain.mid,bassline,B,natural_minor,,124,4,4,B minor bassline — reese_sustain
Basslines/By-Scale/B-minor/Bm_bass_rolling_16ths.mid,bassline,B,natural_minor,,124,4,64,B minor bassline — rolling_16ths
Basslines/By-Scale/B-minor/Bm_bass_root_octave_8ths.mid,bassline,B,natural_minor,,124,4,32,B minor bassline — root_octave_8ths
Basslines/By-Scale/B-minor/Bm_bass_sustained.mid,bassline,B,natural_minor,,124,4,4,B minor bassline — sustained
Basslines/By-Scale/C-minor/Cm_bass_hardstyle_offbeat.mid,bassline,C,natural_minor,,124,4,16,C minor bassline — hardstyle_offbeat
Basslines/By-Scale/C-minor/Cm_bass_offbeat_8ths.mid,bassline,C,natural_minor,,124,4,16,C minor bassline — offbeat_8ths
Basslines/By-Scale/C-minor/Cm_bass_reese_sustain.mid,bassline,C,natural_minor,,124,4,4,C minor bassline — reese_sustain
Basslines/By-Scale/C-minor/Cm_bass_rolling_16ths.mid,bassline,C,natural_minor,,124,4,64,C minor bassline — rolling_16ths
Basslines/By-Scale/C-minor/Cm_bass_root_octave_8ths.mid,bassline,C,natural_minor,,124,4,32,C minor bassline — root_octave_8ths
Basslines/By-Scale/C-minor/Cm_bass_sustained.mid,bassline,C,natural_minor,,124,4,4,C minor bassline — sustained
Basslines/By-Scale/Cs-minor/Csm_bass_hardstyle_offbeat.mid,bassline,Cs,natural_minor,,124,4,16,Cs minor bassline — hardstyle_offbeat
Basslines/By-Scale/Cs-minor/Csm_bass_offbeat_8ths.mid,bassline,Cs,natural_minor,,124,4,16,Cs minor bassline — offbeat_8ths
Basslines/By-Scale/Cs-minor/Csm_bass_reese_sustain.mid,bassline,Cs,natural_minor,,124,4,4,Cs minor bassline — reese_sustain
Basslines/By-Scale/Cs-minor/Csm_bass_rolling_16ths.mid,bassline,Cs,natural_minor,,124,4,64,Cs minor bassline — rolling_16ths
Basslines/By-Scale/Cs-minor/Csm_bass_root_octave_8ths.mid,bassline,Cs,natural_minor,,124,4,32,Cs minor bassline — root_octave_8ths
Basslines/By-Scale/Cs-minor/Csm_bass_sustained.mid,bassline,Cs,natural_minor,,124,4,4,Cs minor bassline — sustained
Basslines/By-Scale/D-minor/Dm_bass_hardstyle_offbeat.mid,bassline,D,natural_minor,,124,4,16,D minor bassline — hardstyle_offbeat
Basslines/By-Scale/D-minor/Dm_bass_offbeat_8ths.mid,bassline,D,natural_minor,,124,4,16,D minor bassline — offbeat_8ths
Basslines/By-Scale/D-minor/Dm_bass_reese_sustain.mid,bassline,D,natural_minor,,124,4,4,D minor bassline — reese_sustain
Basslines/By-Scale/D-minor/Dm_bass_rolling_16ths.mid,bassline,D,natural_minor,,124,4,64,D minor bassline — rolling_16ths
Basslines/By-Scale/D-minor/Dm_bass_root_octave_8ths.mid,bassline,D,natural_minor,,124,4,32,D minor bassline — root_octave_8ths
Basslines/By-Scale/D-minor/Dm_bass_sustained.mid,bassline,D,natural_minor,,124,4,4,D minor bassline — sustained
Basslines/By-Scale/Ds-minor/Dsm_bass_hardstyle_offbeat.mid,bassline,Ds,natural_minor,,124,4,16,Ds minor bassline — hardstyle_offbeat
Basslines/By-Scale/Ds-minor/Dsm_bass_offbeat_8ths.mid,bassline,Ds,natural_minor,,124,4,16,Ds minor bassline — offbeat_8ths
Basslines/By-Scale/Ds-minor/Dsm_bass_reese_sustain.mid,bassline,Ds,natural_minor,,124,4,4,Ds minor bassline — reese_sustain
Basslines/By-Scale/Ds-minor/Dsm_bass_rolling_16ths.mid,bassline,Ds,natural_minor,,124,4,64,Ds minor bassline — rolling_16ths
Basslines/By-Scale/Ds-minor/Dsm_bass_root_octave_8ths.mid,bassline,Ds,natural_minor,,124,4,32,Ds minor bassline — root_octave_8ths
Basslines/By-Scale/Ds-minor/Dsm_bass_sustained.mid,bassline,Ds,natural_minor,,124,4,4,Ds minor bassline — sustained
Basslines/By-Scale/E-minor/Em_bass_hardstyle_offbeat.mid,bassline,E,natural_minor,,124,4,16,E minor bassline — hardstyle_offbeat
Basslines/By-Scale/E-minor/Em_bass_offbeat_8ths.mid,bassline,E,natural_minor,,124,4,16,E minor bassline — offbeat_8ths
Basslines/By-Scale/E-minor/Em_bass_reese_sustain.mid,bassline,E,natural_minor,,124,4,4,E minor bassline — reese_sustain
Basslines/By-Scale/E-minor/Em_bass_rolling_16ths.mid,bassline,E,natural_minor,,124,4,64,E minor bassline — rolling_16ths
Basslines/By-Scale/E-minor/Em_bass_root_octave_8ths.mid,bassline,E,natural_minor,,124,4,32,E minor bassline — root_octave_8ths
Basslines/By-Scale/E-minor/Em_bass_sustained.mid,bassline,E,natural_minor,,124,4,4,E minor bassline — sustained
Basslines/By-Scale/F-minor/Fm_bass_hardstyle_offbeat.mid,bassline,F,natural_minor,,124,4,16,F minor bassline — hardstyle_offbeat
Basslines/By-Scale/F-minor/Fm_bass_offbeat_8ths.mid,bassline,F,natural_minor,,124,4,16,F minor bassline — offbeat_8ths
Basslines/By-Scale/F-minor/Fm_bass_reese_sustain.mid,bassline,F,natural_minor,,124,4,4,F minor bassline — reese_sustain
Basslines/By-Scale/F-minor/Fm_bass_rolling_16ths.mid,bassline,F,natural_minor,,124,4,64,F minor bassline — rolling_16ths
Basslines/By-Scale/F-minor/Fm_bass_root_octave_8ths.mid,bassline,F,natural_minor,,124,4,32,F minor bassline — root_octave_8ths
Basslines/By-Scale/F-minor/Fm_bass_sustained.mid,bassline,F,natural_minor,,124,4,4,F minor bassline — sustained
Basslines/By-Scale/Fs-minor/Fsm_bass_hardstyle_offbeat.mid,bassline,Fs,natural_minor,,124,4,16,Fs minor bassline — hardstyle_offbeat
Basslines/By-Scale/Fs-minor/Fsm_bass_offbeat_8ths.mid,bassline,Fs,natural_minor,,124,4,16,Fs minor bassline — offbeat_8ths
Basslines/By-Scale/Fs-minor/Fsm_bass_reese_sustain.mid,bassline,Fs,natural_minor,,124,4,4,Fs minor bassline — reese_sustain
Basslines/By-Scale/Fs-minor/Fsm_bass_rolling_16ths.mid,bassline,Fs,natural_minor,,124,4,64,Fs minor bassline — rolling_16ths
Basslines/By-Scale/Fs-minor/Fsm_bass_root_octave_8ths.mid,bassline,Fs,natural_minor,,124,4,32,Fs minor bassline — root_octave_8ths
Basslines/By-Scale/Fs-minor/Fsm_bass_sustained.mid,bassline,Fs,natural_minor,,124,4,4,Fs minor bassline — sustained
Basslines/By-Scale/G-minor/Gm_bass_hardstyle_offbeat.mid,bassline,G,natural_minor,,124,4,16,G minor bassline — hardstyle_offbeat
Basslines/By-Scale/G-minor/Gm_bass_offbeat_8ths.mid,bassline,G,natural_minor,,124,4,16,G minor bassline — offbeat_8ths
Basslines/By-Scale/G-minor/Gm_bass_reese_sustain.mid,bassline,G,natural_minor,,124,4,4,G minor bassline — reese_sustain
Basslines/By-Scale/G-minor/Gm_bass_rolling_16ths.mid,bassline,G,natural_minor,,124,4,64,G minor bassline — rolling_16ths
Basslines/By-Scale/G-minor/Gm_bass_root_octave_8ths.mid,bassline,G,natural_minor,,124,4,32,G minor bassline — root_octave_8ths
Basslines/By-Scale/G-minor/Gm_bass_sustained.mid,bassline,G,natural_minor,,124,4,4,G minor bassline — sustained
Basslines/By-Scale/Gs-minor/Gsm_bass_hardstyle_offbeat.mid,bassline,Gs,natural_minor,,124,4,16,Gs minor bassline — hardstyle_offbeat
Basslines/By-Scale/Gs-minor/Gsm_bass_offbeat_8ths.mid,bassline,Gs,natural_minor,,124,4,16,Gs minor bassline — offbeat_8ths
Basslines/By-Scale/Gs-minor/Gsm_bass_reese_sustain.mid,bassline,Gs,natural_minor,,124,4,4,Gs minor bassline — reese_sustain
Basslines/By-Scale/Gs-minor/Gsm_bass_rolling_16ths.mid,bassline,Gs,natural_minor,,124,4,64,Gs minor bassline — rolling_16ths
Basslines/By-Scale/Gs-minor/Gsm_bass_root_octave_8ths.mid,bassline,Gs,natural_minor,,124,4,32,Gs minor bassline — root_octave_8ths
Basslines/By-Scale/Gs-minor/Gsm_bass_sustained.mid,bassline,Gs,natural_minor,,124,4,4,Gs minor bassline — sustained
Chords/Add9/A_Add9.mid,chord,A,add9,,124,1,4,A Add9 chord
Chords/Add9/As_Add9.mid,chord,As,add9,,124,1,4,As Add9 chord
Chords/Add9/B_Add9.mid,chord,B,add9,,124,1,4,B Add9 chord
Chords/Add9/C_Add9.mid,chord,C,add9,,124,1,4,C Add9 chord
Chords/Add9/Cs_Add9.mid,chord,Cs,add9,,124,1,4,Cs Add9 chord
Chords/Add9/D_Add9.mid,chord,D,add9,,124,1,4,D Add9 chord
Chords/Add9/Ds_Add9.mid,chord,Ds,add9,,124,1,4,Ds Add9 chord
Chords/Add9/E_Add9.mid,chord,E,add9,,124,1,4,E Add9 chord
Chords/Add9/F_Add9.mid,chord,F,add9,,124,1,4,F Add9 chord
Chords/Add9/Fs_Add9.mid,chord,Fs,add9,,124,1,4,Fs Add9 chord
Chords/Add9/G_Add9.mid,chord,G,add9,,124,1,4,G Add9 chord
Chords/Add9/Gs_Add9.mid,chord,Gs,add9,,124,1,4,Gs Add9 chord
Chords/Augmented/A_Augmented.mid,chord,A,aug,,124,1,3,A Augmented chord
Chords/Augmented/As_Augmented.mid,chord,As,aug,,124,1,3,As Augmented chord
Chords/Augmented/B_Augmented.mid,chord,B,aug,,124,1,3,B Augmented chord
Chords/Augmented/C_Augmented.mid,chord,C,aug,,124,1,3,C Augmented chord
Chords/Augmented/Cs_Augmented.mid,chord,Cs,aug,,124,1,3,Cs Augmented chord
Chords/Augmented/D_Augmented.mid,chord,D,aug,,124,1,3,D Augmented chord
Chords/Augmented/Ds_Augmented.mid,chord,Ds,aug,,124,1,3,Ds Augmented chord
Chords/Augmented/E_Augmented.mid,chord,E,aug,,124,1,3,E Augmented chord
Chords/Augmented/F_Augmented.mid,chord,F,aug,,124,1,3,F Augmented chord
Chords/Augmented/Fs_Augmented.mid,chord,Fs,aug,,124,1,3,Fs Augmented chord
Chords/Augmented/G_Augmented.mid,chord,G,aug,,124,1,3,G Augmented chord
Chords/Augmented/Gs_Augmented.mid,chord,Gs,aug,,124,1,3,Gs Augmented chord
Chords/Dim7/A_Dim7.mid,chord,A,dim7,,124,1,4,A Dim7 chord
Chords/Dim7/As_Dim7.mid,chord,As,dim7,,124,1,4,As Dim7 chord
Chords/Dim7/B_Dim7.mid,chord,B,dim7,,124,1,4,B Dim7 chord
Chords/Dim7/C_Dim7.mid,chord,C,dim7,,124,1,4,C Dim7 chord
Chords/Dim7/Cs_Dim7.mid,chord,Cs,dim7,,124,1,4,Cs Dim7 chord
Chords/Dim7/D_Dim7.mid,chord,D,dim7,,124,1,4,D Dim7 chord
Chords/Dim7/Ds_Dim7.mid,chord,Ds,dim7,,124,1,4,Ds Dim7 chord
Chords/Dim7/E_Dim7.mid,chord,E,dim7,,124,1,4,E Dim7 chord
Chords/Dim7/F_Dim7.mid,chord,F,dim7,,124,1,4,F Dim7 chord
Chords/Dim7/Fs_Dim7.mid,chord,Fs,dim7,,124,1,4,Fs Dim7 chord
Chords/Dim7/G_Dim7.mid,chord,G,dim7,,124,1,4,G Dim7 chord
Chords/Dim7/Gs_Dim7.mid,chord,Gs,dim7,,124,1,4,Gs Dim7 chord
Chords/Diminished/A_Diminished.mid,chord,A,dim,,124,1,3,A Diminished chord
Chords/Diminished/As_Diminished.mid,chord,As,dim,,124,1,3,As Diminished chord
Chords/Diminished/B_Diminished.mid,chord,B,dim,,124,1,3,B Diminished chord
Chords/Diminished/C_Diminished.mid,chord,C,dim,,124,1,3,C Diminished chord
Chords/Diminished/Cs_Diminished.mid,chord,Cs,dim,,124,1,3,Cs Diminished chord
Chords/Diminished/D_Diminished.mid,chord,D,dim,,124,1,3,D Diminished chord
Chords/Diminished/Ds_Diminished.mid,chord,Ds,dim,,124,1,3,Ds Diminished chord
Chords/Diminished/E_Diminished.mid,chord,E,dim,,124,1,3,E Diminished chord
Chords/Diminished/F_Diminished.mid,chord,F,dim,,124,1,3,F Diminished chord
Chords/Diminished/Fs_Diminished.mid,chord,Fs,dim,,124,1,3,Fs Diminished chord
Chords/Diminished/G_Diminished.mid,chord,G,dim,,124,1,3,G Diminished chord
Chords/Diminished/Gs_Diminished.mid,chord,Gs,dim,,124,1,3,Gs Diminished chord
Chords/Dominant7/A_Dominant7.mid,chord,A,dom7,,124,1,4,A Dominant7 chord
Chords/Dominant7/As_Dominant7.mid,chord,As,dom7,,124,1,4,As Dominant7 chord
Chords/Dominant7/B_Dominant7.mid,chord,B,dom7,,124,1,4,B Dominant7 chord
Chords/Dominant7/C_Dominant7.mid,chord,C,dom7,,124,1,4,C Dominant7 chord
Chords/Dominant7/Cs_Dominant7.mid,chord,Cs,dom7,,124,1,4,Cs Dominant7 chord
Chords/Dominant7/D_Dominant7.mid,chord,D,dom7,,124,1,4,D Dominant7 chord
Chords/Dominant7/Ds_Dominant7.mid,chord,Ds,dom7,,124,1,4,Ds Dominant7 chord
Chords/Dominant7/E_Dominant7.mid,chord,E,dom7,,124,1,4,E Dominant7 chord
Chords/Dominant7/F_Dominant7.mid,chord,F,dom7,,124,1,4,F Dominant7 chord
Chords/Dominant7/Fs_Dominant7.mid,chord,Fs,dom7,,124,1,4,Fs Dominant7 chord
Chords/Dominant7/G_Dominant7.mid,chord,G,dom7,,124,1,4,G Dominant7 chord
Chords/Dominant7/Gs_Dominant7.mid,chord,Gs,dom7,,124,1,4,Gs Dominant7 chord
Chords/HalfDim7/A_HalfDim7.mid,chord,A,min7b5,,124,1,4,A HalfDim7 chord
Chords/HalfDim7/As_HalfDim7.mid,chord,As,min7b5,,124,1,4,As HalfDim7 chord
Chords/HalfDim7/B_HalfDim7.mid,chord,B,min7b5,,124,1,4,B HalfDim7 chord
Chords/HalfDim7/C_HalfDim7.mid,chord,C,min7b5,,124,1,4,C HalfDim7 chord
Chords/HalfDim7/Cs_HalfDim7.mid,chord,Cs,min7b5,,124,1,4,Cs HalfDim7 chord
Chords/HalfDim7/D_HalfDim7.mid,chord,D,min7b5,,124,1,4,D HalfDim7 chord
Chords/HalfDim7/Ds_HalfDim7.mid,chord,Ds,min7b5,,124,1,4,Ds HalfDim7 chord
Chords/HalfDim7/E_HalfDim7.mid,chord,E,min7b5,,124,1,4,E HalfDim7 chord
Chords/HalfDim7/F_HalfDim7.mid,chord,F,min7b5,,124,1,4,F HalfDim7 chord
Chords/HalfDim7/Fs_HalfDim7.mid,chord,Fs,min7b5,,124,1,4,Fs HalfDim7 chord
Chords/HalfDim7/G_HalfDim7.mid,chord,G,min7b5,,124,1,4,G HalfDim7 chord
Chords/HalfDim7/Gs_HalfDim7.mid,chord,Gs,min7b5,,124,1,4,Gs HalfDim7 chord
Chords/Major/A_Major.mid,chord,A,maj,,124,1,3,A Major chord
Chords/Major/As_Major.mid,chord,As,maj,,124,1,3,As Major chord
Chords/Major/B_Major.mid,chord,B,maj,,124,1,3,B Major chord
Chords/Major/C_Major.mid,chord,C,maj,,124,1,3,C Major chord
Chords/Major/Cs_Major.mid,chord,Cs,maj,,124,1,3,Cs Major chord
Chords/Major/D_Major.mid,chord,D,maj,,124,1,3,D Major chord
Chords/Major/Ds_Major.mid,chord,Ds,maj,,124,1,3,Ds Major chord
Chords/Major/E_Major.mid,chord,E,maj,,124,1,3,E Major chord
Chords/Major/F_Major.mid,chord,F,maj,,124,1,3,F Major chord
Chords/Major/Fs_Major.mid,chord,Fs,maj,,124,1,3,Fs Major chord
Chords/Major/G_Major.mid,chord,G,maj,,124,1,3,G Major chord
Chords/Major/Gs_Major.mid,chord,Gs,maj,,124,1,3,Gs Major chord
Chords/Major7/A_Major7.mid,chord,A,maj7,,124,1,4,A Major7 chord
Chords/Major7/As_Major7.mid,chord,As,maj7,,124,1,4,As Major7 chord
Chords/Major7/B_Major7.mid,chord,B,maj7,,124,1,4,B Major7 chord
Chords/Major7/C_Major7.mid,chord,C,maj7,,124,1,4,C Major7 chord
Chords/Major7/Cs_Major7.mid,chord,Cs,maj7,,124,1,4,Cs Major7 chord
Chords/Major7/D_Major7.mid,chord,D,maj7,,124,1,4,D Major7 chord
Chords/Major7/Ds_Major7.mid,chord,Ds,maj7,,124,1,4,Ds Major7 chord
Chords/Major7/E_Major7.mid,chord,E,maj7,,124,1,4,E Major7 chord
Chords/Major7/F_Major7.mid,chord,F,maj7,,124,1,4,F Major7 chord
Chords/Major7/Fs_Major7.mid,chord,Fs,maj7,,124,1,4,Fs Major7 chord
Chords/Major7/G_Major7.mid,chord,G,maj7,,124,1,4,G Major7 chord
Chords/Major7/Gs_Major7.mid,chord,Gs,maj7,,124,1,4,Gs Major7 chord
Chords/Minor/A_Minor.mid,chord,A,min,,124,1,3,A Minor chord
Chords/Minor/As_Minor.mid,chord,As,min,,124,1,3,As Minor chord
Chords/Minor/B_Minor.mid,chord,B,min,,124,1,3,B Minor chord
Chords/Minor/C_Minor.mid,chord,C,min,,124,1,3,C Minor chord
Chords/Minor/Cs_Minor.mid,chord,Cs,min,,124,1,3,Cs Minor chord
Chords/Minor/D_Minor.mid,chord,D,min,,124,1,3,D Minor chord
Chords/Minor/Ds_Minor.mid,chord,Ds,min,,124,1,3,Ds Minor chord
Chords/Minor/E_Minor.mid,chord,E,min,,124,1,3,E Minor chord
Chords/Minor/F_Minor.mid,chord,F,min,,124,1,3,F Minor chord
Chords/Minor/Fs_Minor.mid,chord,Fs,min,,124,1,3,Fs Minor chord
Chords/Minor/G_Minor.mid,chord,G,min,,124,1,3,G Minor chord
Chords/Minor/Gs_Minor.mid,chord,Gs,min,,124,1,3,Gs Minor chord
Chords/Minor6/A_Minor6.mid,chord,A,min6,,124,1,4,A Minor6 chord
Chords/Minor6/As_Minor6.mid,chord,As,min6,,124,1,4,As Minor6 chord
Chords/Minor6/B_Minor6.mid,chord,B,min6,,124,1,4,B Minor6 chord
Chords/Minor6/C_Minor6.mid,chord,C,min6,,124,1,4,C Minor6 chord
Chords/Minor6/Cs_Minor6.mid,chord,Cs,min6,,124,1,4,Cs Minor6 chord
Chords/Minor6/D_Minor6.mid,chord,D,min6,,124,1,4,D Minor6 chord
Chords/Minor6/Ds_Minor6.mid,chord,Ds,min6,,124,1,4,Ds Minor6 chord
Chords/Minor6/E_Minor6.mid,chord,E,min6,,124,1,4,E Minor6 chord
Chords/Minor6/F_Minor6.mid,chord,F,min6,,124,1,4,F Minor6 chord
Chords/Minor6/Fs_Minor6.mid,chord,Fs,min6,,124,1,4,Fs Minor6 chord
Chords/Minor6/G_Minor6.mid,chord,G,min6,,124,1,4,G Minor6 chord
Chords/Minor6/Gs_Minor6.mid,chord,Gs,min6,,124,1,4,Gs Minor6 chord
Chords/Minor7/A_Minor7.mid,chord,A,min7,,124,1,4,A Minor7 chord
Chords/Minor7/As_Minor7.mid,chord,As,min7,,124,1,4,As Minor7 chord
Chords/Minor7/B_Minor7.mid,chord,B,min7,,124,1,4,B Minor7 chord
Chords/Minor7/C_Minor7.mid,chord,C,min7,,124,1,4,C Minor7 chord
Chords/Minor7/Cs_Minor7.mid,chord,Cs,min7,,124,1,4,Cs Minor7 chord
Chords/Minor7/D_Minor7.mid,chord,D,min7,,124,1,4,D Minor7 chord
Chords/Minor7/Ds_Minor7.mid,chord,Ds,min7,,124,1,4,Ds Minor7 chord
Chords/Minor7/E_Minor7.mid,chord,E,min7,,124,1,4,E Minor7 chord
Chords/Minor7/F_Minor7.mid,chord,F,min7,,124,1,4,F Minor7 chord
Chords/Minor7/Fs_Minor7.mid,chord,Fs,min7,,124,1,4,Fs Minor7 chord
Chords/Minor7/G_Minor7.mid,chord,G,min7,,124,1,4,G Minor7 chord
Chords/Minor7/Gs_Minor7.mid,chord,Gs,min7,,124,1,4,Gs Minor7 chord
Chords/Minor9/A_Minor9.mid,chord,A,min9,,124,1,5,A Minor9 chord
Chords/Minor9/As_Minor9.mid,chord,As,min9,,124,1,5,As Minor9 chord
Chords/Minor9/B_Minor9.mid,chord,B,min9,,124,1,5,B Minor9 chord
Chords/Minor9/C_Minor9.mid,chord,C,min9,,124,1,5,C Minor9 chord
Chords/Minor9/Cs_Minor9.mid,chord,Cs,min9,,124,1,5,Cs Minor9 chord
Chords/Minor9/D_Minor9.mid,chord,D,min9,,124,1,5,D Minor9 chord
Chords/Minor9/Ds_Minor9.mid,chord,Ds,min9,,124,1,5,Ds Minor9 chord
Chords/Minor9/E_Minor9.mid,chord,E,min9,,124,1,5,E Minor9 chord
Chords/Minor9/F_Minor9.mid,chord,F,min9,,124,1,5,F Minor9 chord
Chords/Minor9/Fs_Minor9.mid,chord,Fs,min9,,124,1,5,Fs Minor9 chord
Chords/Minor9/G_Minor9.mid,chord,G,min9,,124,1,5,G Minor9 chord
Chords/Minor9/Gs_Minor9.mid,chord,Gs,min9,,124,1,5,Gs Minor9 chord
Chords/MinorAdd9/A_MinorAdd9.mid,chord,A,madd9,,124,1,4,A MinorAdd9 chord
Chords/MinorAdd9/As_MinorAdd9.mid,chord,As,madd9,,124,1,4,As MinorAdd9 chord
Chords/MinorAdd9/B_MinorAdd9.mid,chord,B,madd9,,124,1,4,B MinorAdd9 chord
Chords/MinorAdd9/C_MinorAdd9.mid,chord,C,madd9,,124,1,4,C MinorAdd9 chord
Chords/MinorAdd9/Cs_MinorAdd9.mid,chord,Cs,madd9,,124,1,4,Cs MinorAdd9 chord
Chords/MinorAdd9/D_MinorAdd9.mid,chord,D,madd9,,124,1,4,D MinorAdd9 chord
Chords/MinorAdd9/Ds_MinorAdd9.mid,chord,Ds,madd9,,124,1,4,Ds MinorAdd9 chord
Chords/MinorAdd9/E_MinorAdd9.mid,chord,E,madd9,,124,1,4,E MinorAdd9 chord
Chords/MinorAdd9/F_MinorAdd9.mid,chord,F,madd9,,124,1,4,F MinorAdd9 chord
Chords/MinorAdd9/Fs_MinorAdd9.mid,chord,Fs,madd9,,124,1,4,Fs MinorAdd9 chord
Chords/MinorAdd9/G_MinorAdd9.mid,chord,G,madd9,,124,1,4,G MinorAdd9 chord
Chords/MinorAdd9/Gs_MinorAdd9.mid,chord,Gs,madd9,,124,1,4,Gs MinorAdd9 chord
Chords/Sus2/A_Sus2.mid,chord,A,sus2,,124,1,3,A Sus2 chord
Chords/Sus2/As_Sus2.mid,chord,As,sus2,,124,1,3,As Sus2 chord
Chords/Sus2/B_Sus2.mid,chord,B,sus2,,124,1,3,B Sus2 chord
Chords/Sus2/C_Sus2.mid,chord,C,sus2,,124,1,3,C Sus2 chord
Chords/Sus2/Cs_Sus2.mid,chord,Cs,sus2,,124,1,3,Cs Sus2 chord
Chords/Sus2/D_Sus2.mid,chord,D,sus2,,124,1,3,D Sus2 chord
Chords/Sus2/Ds_Sus2.mid,chord,Ds,sus2,,124,1,3,Ds Sus2 chord
Chords/Sus2/E_Sus2.mid,chord,E,sus2,,124,1,3,E Sus2 chord
Chords/Sus2/F_Sus2.mid,chord,F,sus2,,124,1,3,F Sus2 chord
Chords/Sus2/Fs_Sus2.mid,chord,Fs,sus2,,124,1,3,Fs Sus2 chord
Chords/Sus2/G_Sus2.mid,chord,G,sus2,,124,1,3,G Sus2 chord
Chords/Sus2/Gs_Sus2.mid,chord,Gs,sus2,,124,1,3,Gs Sus2 chord
Chords/Sus4/A_Sus4.mid,chord,A,sus4,,124,1,3,A Sus4 chord
Chords/Sus4/As_Sus4.mid,chord,As,sus4,,124,1,3,As Sus4 chord
Chords/Sus4/B_Sus4.mid,chord,B,sus4,,124,1,3,B Sus4 chord
Chords/Sus4/C_Sus4.mid,chord,C,sus4,,124,1,3,C Sus4 chord
Chords/Sus4/Cs_Sus4.mid,chord,Cs,sus4,,124,1,3,Cs Sus4 chord
Chords/Sus4/D_Sus4.mid,chord,D,sus4,,124,1,3,D Sus4 chord
Chords/Sus4/Ds_Sus4.mid,chord,Ds,sus4,,124,1,3,Ds Sus4 chord
Chords/Sus4/E_Sus4.mid,chord,E,sus4,,124,1,3,E Sus4 chord
Chords/Sus4/F_Sus4.mid,chord,F,sus4,,124,1,3,F Sus4 chord
Chords/Sus4/Fs_Sus4.mid,chord,Fs,sus4,,124,1,3,Fs Sus4 chord
Chords/Sus4/G_Sus4.mid,chord,G,sus4,,124,1,3,G Sus4 chord
Chords/Sus4/Gs_Sus4.mid,chord,Gs,sus4,,124,1,3,Gs Sus4 chord
Drums/By-Genre/01_Deep-House/01_Deep-House_beat_full.mid,drums,,,01_Deep-House,122,4,108,01_Deep-House drum groove (4 bars)
Drums/By-Genre/01_Deep-House/01_Deep-House_beat_minimal.mid,drums,,,01_Deep-House,122,4,24,01_Deep-House kick+clap only (4 bars)
Drums/By-Genre/01_Deep-House/01_Deep-House_beat_tops.mid,drums,,,01_Deep-House,122,4,80,01_Deep-House hats/percussion only (4 bars)
Drums/By-Genre/02_Future-House/02_Future-House_beat_full.mid,drums,,,02_Future-House,126,4,108,02_Future-House drum groove (4 bars)
Drums/By-Genre/02_Future-House/02_Future-House_beat_minimal.mid,drums,,,02_Future-House,126,4,24,02_Future-House kick+clap only (4 bars)
Drums/By-Genre/02_Future-House/02_Future-House_beat_tops.mid,drums,,,02_Future-House,126,4,80,02_Future-House hats/percussion only (4 bars)
Drums/By-Genre/03_Progressive-House/03_Progressive-House_beat_full.mid,drums,,,03_Progressive-House,128,4,92,03_Progressive-House drum groove (4 bars)
Drums/By-Genre/03_Progressive-House/03_Progressive-House_beat_minimal.mid,drums,,,03_Progressive-House,128,4,24,03_Progressive-House kick+clap only (4 bars)
Drums/By-Genre/03_Progressive-House/03_Progressive-House_beat_tops.mid,drums,,,03_Progressive-House,128,4,64,03_Progressive-House hats/percussion only (4 bars)
Drums/By-Genre/04_Tech-House/04_Tech-House_beat_full.mid,drums,,,04_Tech-House,126,4,132,04_Tech-House drum groove (4 bars)
Drums/By-Genre/04_Tech-House/04_Tech-House_beat_minimal.mid,drums,,,04_Tech-House,126,4,24,04_Tech-House kick+clap only (4 bars)
Drums/By-Genre/04_Tech-House/04_Tech-House_beat_tops.mid,drums,,,04_Tech-House,126,4,104,04_Tech-House hats/percussion only (4 bars)
Drums/By-Genre/05_Techno/05_Techno_beat_full.mid,drums,,,05_Techno,130,4,116,05_Techno drum groove (4 bars)
Drums/By-Genre/05_Techno/05_Techno_beat_minimal.mid,drums,,,05_Techno,130,4,24,05_Techno kick+clap only (4 bars)
Drums/By-Genre/05_Techno/05_Techno_beat_tops.mid,drums,,,05_Techno,130,4,88,05_Techno hats/percussion only (4 bars)
Drums/By-Genre/06_Melodic-Techno/06_Melodic-Techno_beat_full.mid,drums,,,06_Melodic-Techno,124,4,108,06_Melodic-Techno drum groove (4 bars)
Drums/By-Genre/06_Melodic-Techno/06_Melodic-Techno_beat_minimal.mid,drums,,,06_Melodic-Techno,124,4,24,06_Melodic-Techno kick+clap only (4 bars)
Drums/By-Genre/06_Melodic-Techno/06_Melodic-Techno_beat_tops.mid,drums,,,06_Melodic-Techno,124,4,80,06_Melodic-Techno hats/percussion only (4 bars)
Drums/By-Genre/07_Trance/07_Trance_beat_full.mid,drums,,,07_Trance,138,4,112,07_Trance drum groove (4 bars)
Drums/By-Genre/07_Trance/07_Trance_beat_minimal.mid,drums,,,07_Trance,138,4,24,07_Trance kick+clap only (4 bars)
Drums/By-Genre/07_Trance/07_Trance_beat_tops.mid,drums,,,07_Trance,138,4,80,07_Trance hats/percussion only (4 bars)
Drums/By-Genre/08_Hardstyle/08_Hardstyle_beat_full.mid,drums,,,08_Hardstyle,150,4,60,08_Hardstyle drum groove (4 bars)
Drums/By-Genre/08_Hardstyle/08_Hardstyle_beat_minimal.mid,drums,,,08_Hardstyle,150,4,24,08_Hardstyle kick+clap only (4 bars)
Drums/By-Genre/08_Hardstyle/08_Hardstyle_beat_tops.mid,drums,,,08_Hardstyle,150,4,32,08_Hardstyle hats/percussion only (4 bars)
Drums/By-Genre/09_Hardcore-Gabber/09_Hardcore-Gabber_beat_full.mid,drums,,,09_Hardcore-Gabber,180,4,76,09_Hardcore-Gabber drum groove (4 bars)
Drums/By-Genre/09_Hardcore-Gabber/09_Hardcore-Gabber_beat_minimal.mid,drums,,,09_Hardcore-Gabber,180,4,24,09_Hardcore-Gabber kick+clap only (4 bars)
Drums/By-Genre/09_Hardcore-Gabber/09_Hardcore-Gabber_beat_tops.mid,drums,,,09_Hardcore-Gabber,180,4,48,09_Hardcore-Gabber hats/percussion only (4 bars)
Drums/By-Genre/10_Dubstep/10_Dubstep_beat_full.mid,drums,,,10_Dubstep,140,4,56,10_Dubstep drum groove (4 bars)
Drums/By-Genre/10_Dubstep/10_Dubstep_beat_minimal.mid,drums,,,10_Dubstep,140,4,12,10_Dubstep kick+clap only (4 bars)
Drums/By-Genre/10_Dubstep/10_Dubstep_beat_tops.mid,drums,,,10_Dubstep,140,4,40,10_Dubstep hats/percussion only (4 bars)
Drums/By-Genre/11_Future-Bass/11_Future-Bass_beat_full.mid,drums,,,11_Future-Bass,150,4,92,11_Future-Bass drum groove (4 bars)
Drums/By-Genre/11_Future-Bass/11_Future-Bass_beat_minimal.mid,drums,,,11_Future-Bass,150,4,12,11_Future-Bass kick+clap only (4 bars)
Drums/By-Genre/11_Future-Bass/11_Future-Bass_beat_tops.mid,drums,,,11_Future-Bass,150,4,76,11_Future-Bass hats/percussion only (4 bars)
Drums/By-Genre/12_Lofi-Chill/12_Lofi-Chill_beat_full.mid,drums,,,12_Lofi-Chill,85,4,64,12_Lofi-Chill drum groove (4 bars)
Drums/By-Genre/12_Lofi-Chill/12_Lofi-Chill_beat_minimal.mid,drums,,,12_Lofi-Chill,85,4,20,12_Lofi-Chill kick+clap only (4 bars)
Drums/By-Genre/12_Lofi-Chill/12_Lofi-Chill_beat_tops.mid,drums,,,12_Lofi-Chill,85,4,40,12_Lofi-Chill hats/percussion only (4 bars)
Melodies/By-Genre/01_Deep-House/Am_01_Deep-House_melody_minor_pentatonic.mid,melody,A,minor_pentatonic,01_Deep-House,122,4,20,01_Deep-House melody (minor_pentatonic) — A minor
Melodies/By-Genre/01_Deep-House/Asm_01_Deep-House_melody_minor_pentatonic.mid,melody,As,minor_pentatonic,01_Deep-House,122,4,16,01_Deep-House melody (minor_pentatonic) — As minor
Melodies/By-Genre/01_Deep-House/Bm_01_Deep-House_melody_minor_pentatonic.mid,melody,B,minor_pentatonic,01_Deep-House,122,4,24,01_Deep-House melody (minor_pentatonic) — B minor
Melodies/By-Genre/01_Deep-House/Cm_01_Deep-House_melody_minor_pentatonic.mid,melody,C,minor_pentatonic,01_Deep-House,122,4,16,01_Deep-House melody (minor_pentatonic) — C minor
Melodies/By-Genre/01_Deep-House/Csm_01_Deep-House_melody_minor_pentatonic.mid,melody,Cs,minor_pentatonic,01_Deep-House,122,4,24,01_Deep-House melody (minor_pentatonic) — Cs minor
Melodies/By-Genre/01_Deep-House/Dm_01_Deep-House_melody_minor_pentatonic.mid,melody,D,minor_pentatonic,01_Deep-House,122,4,16,01_Deep-House melody (minor_pentatonic) — D minor
Melodies/By-Genre/01_Deep-House/Dsm_01_Deep-House_melody_minor_pentatonic.mid,melody,Ds,minor_pentatonic,01_Deep-House,122,4,20,01_Deep-House melody (minor_pentatonic) — Ds minor
Melodies/By-Genre/01_Deep-House/Em_01_Deep-House_melody_minor_pentatonic.mid,melody,E,minor_pentatonic,01_Deep-House,122,4,20,01_Deep-House melody (minor_pentatonic) — E minor
Melodies/By-Genre/01_Deep-House/Fm_01_Deep-House_melody_minor_pentatonic.mid,melody,F,minor_pentatonic,01_Deep-House,122,4,20,01_Deep-House melody (minor_pentatonic) — F minor
Melodies/By-Genre/01_Deep-House/Fsm_01_Deep-House_melody_minor_pentatonic.mid,melody,Fs,minor_pentatonic,01_Deep-House,122,4,16,01_Deep-House melody (minor_pentatonic) — Fs minor
Melodies/By-Genre/01_Deep-House/Gm_01_Deep-House_melody_minor_pentatonic.mid,melody,G,minor_pentatonic,01_Deep-House,122,4,16,01_Deep-House melody (minor_pentatonic) — G minor
Melodies/By-Genre/01_Deep-House/Gsm_01_Deep-House_melody_minor_pentatonic.mid,melody,Gs,minor_pentatonic,01_Deep-House,122,4,24,01_Deep-House melody (minor_pentatonic) — Gs minor
Melodies/By-Genre/02_Future-House/Am_02_Future-House_melody_natural_minor.mid,melody,A,natural_minor,02_Future-House,126,4,20,02_Future-House melody (natural_minor) — A minor
Melodies/By-Genre/02_Future-House/Asm_02_Future-House_melody_natural_minor.mid,melody,As,natural_minor,02_Future-House,126,4,24,02_Future-House melody (natural_minor) — As minor
Melodies/By-Genre/02_Future-House/Bm_02_Future-House_melody_natural_minor.mid,melody,B,natural_minor,02_Future-House,126,4,16,02_Future-House melody (natural_minor) — B minor
Melodies/By-Genre/02_Future-House/Cm_02_Future-House_melody_natural_minor.mid,melody,C,natural_minor,02_Future-House,126,4,16,02_Future-House melody (natural_minor) — C minor
Melodies/By-Genre/02_Future-House/Csm_02_Future-House_melody_natural_minor.mid,melody,Cs,natural_minor,02_Future-House,126,4,16,02_Future-House melody (natural_minor) — Cs minor
Melodies/By-Genre/02_Future-House/Dm_02_Future-House_melody_natural_minor.mid,melody,D,natural_minor,02_Future-House,126,4,20,02_Future-House melody (natural_minor) — D minor
Melodies/By-Genre/02_Future-House/Dsm_02_Future-House_melody_natural_minor.mid,melody,Ds,natural_minor,02_Future-House,126,4,20,02_Future-House melody (natural_minor) — Ds minor
Melodies/By-Genre/02_Future-House/Em_02_Future-House_melody_natural_minor.mid,melody,E,natural_minor,02_Future-House,126,4,20,02_Future-House melody (natural_minor) — E minor
Melodies/By-Genre/02_Future-House/Fm_02_Future-House_melody_natural_minor.mid,melody,F,natural_minor,02_Future-House,126,4,20,02_Future-House melody (natural_minor) — F minor
Melodies/By-Genre/02_Future-House/Fsm_02_Future-House_melody_natural_minor.mid,melody,Fs,natural_minor,02_Future-House,126,4,16,02_Future-House melody (natural_minor) — Fs minor
Melodies/By-Genre/02_Future-House/Gm_02_Future-House_melody_natural_minor.mid,melody,G,natural_minor,02_Future-House,126,4,24,02_Future-House melody (natural_minor) — G minor
Melodies/By-Genre/02_Future-House/Gsm_02_Future-House_melody_natural_minor.mid,melody,Gs,natural_minor,02_Future-House,126,4,20,02_Future-House melody (natural_minor) — Gs minor
Melodies/By-Genre/03_Progressive-House/Am_03_Progressive-House_melody_natural_minor.mid,melody,A,natural_minor,03_Progressive-House,128,4,20,03_Progressive-House melody (natural_minor) — A minor
Melodies/By-Genre/03_Progressive-House/Asm_03_Progressive-House_melody_natural_minor.mid,melody,As,natural_minor,03_Progressive-House,128,4,24,03_Progressive-House melody (natural_minor) — As minor
Melodies/By-Genre/03_Progressive-House/Bm_03_Progressive-House_melody_natural_minor.mid,melody,B,natural_minor,03_Progressive-House,128,4,16,03_Progressive-House melody (natural_minor) — B minor
Melodies/By-Genre/03_Progressive-House/Cm_03_Progressive-House_melody_natural_minor.mid,melody,C,natural_minor,03_Progressive-House,128,4,20,03_Progressive-House melody (natural_minor) — C minor
Melodies/By-Genre/03_Progressive-House/Csm_03_Progressive-House_melody_natural_minor.mid,melody,Cs,natural_minor,03_Progressive-House,128,4,24,03_Progressive-House melody (natural_minor) — Cs minor
Melodies/By-Genre/03_Progressive-House/Dm_03_Progressive-House_melody_natural_minor.mid,melody,D,natural_minor,03_Progressive-House,128,4,20,03_Progressive-House melody (natural_minor) — D minor
Melodies/By-Genre/03_Progressive-House/Dsm_03_Progressive-House_melody_natural_minor.mid,melody,Ds,natural_minor,03_Progressive-House,128,4,24,03_Progressive-House melody (natural_minor) — Ds minor
Melodies/By-Genre/03_Progressive-House/Em_03_Progressive-House_melody_natural_minor.mid,melody,E,natural_minor,03_Progressive-House,128,4,20,03_Progressive-House melody (natural_minor) — E minor
Melodies/By-Genre/03_Progressive-House/Fm_03_Progressive-House_melody_natural_minor.mid,melody,F,natural_minor,03_Progressive-House,128,4,24,03_Progressive-House melody (natural_minor) — F minor
Melodies/By-Genre/03_Progressive-House/Fsm_03_Progressive-House_melody_natural_minor.mid,melody,Fs,natural_minor,03_Progressive-House,128,4,20,03_Progressive-House melody (natural_minor) — Fs minor
Melodies/By-Genre/03_Progressive-House/Gm_03_Progressive-House_melody_natural_minor.mid,melody,G,natural_minor,03_Progressive-House,128,4,20,03_Progressive-House melody (natural_minor) — G minor
Melodies/By-Genre/03_Progressive-House/Gsm_03_Progressive-House_melody_natural_minor.mid,melody,Gs,natural_minor,03_Progressive-House,128,4,24,03_Progressive-House melody (natural_minor) — Gs minor
Melodies/By-Genre/04_Tech-House/Am_04_Tech-House_melody_natural_minor.mid,melody,A,natural_minor,04_Tech-House,126,3,15,04_Tech-House melody (natural_minor) — A minor
Melodies/By-Genre/04_Tech-House/Asm_04_Tech-House_melody_natural_minor.mid,melody,As,natural_minor,04_Tech-House,126,3,15,04_Tech-House melody (natural_minor) — As minor
Melodies/By-Genre/04_Tech-House/Bm_04_Tech-House_melody_natural_minor.mid,melody,B,natural_minor,04_Tech-House,126,3,12,04_Tech-House melody (natural_minor) — B minor
Melodies/By-Genre/04_Tech-House/Cm_04_Tech-House_melody_natural_minor.mid,melody,C,natural_minor,04_Tech-House,126,3,15,04_Tech-House melody (natural_minor) — C minor
Melodies/By-Genre/04_Tech-House/Csm_04_Tech-House_melody_natural_minor.mid,melody,Cs,natural_minor,04_Tech-House,126,3,18,04_Tech-House melody (natural_minor) — Cs minor
Melodies/By-Genre/04_Tech-House/Dm_04_Tech-House_melody_natural_minor.mid,melody,D,natural_minor,04_Tech-House,126,3,12,04_Tech-House melody (natural_minor) — D minor
Melodies/By-Genre/04_Tech-House/Dsm_04_Tech-House_melody_natural_minor.mid,melody,Ds,natural_minor,04_Tech-House,126,3,15,04_Tech-House melody (natural_minor) — Ds minor
Melodies/By-Genre/04_Tech-House/Em_04_Tech-House_melody_natural_minor.mid,melody,E,natural_minor,04_Tech-House,126,3,12,04_Tech-House melody (natural_minor) — E minor
Melodies/By-Genre/04_Tech-House/Fm_04_Tech-House_melody_natural_minor.mid,melody,F,natural_minor,04_Tech-House,126,3,18,04_Tech-House melody (natural_minor) — F minor
Melodies/By-Genre/04_Tech-House/Fsm_04_Tech-House_melody_natural_minor.mid,melody,Fs,natural_minor,04_Tech-House,126,3,15,04_Tech-House melody (natural_minor) — Fs minor
Melodies/By-Genre/04_Tech-House/Gm_04_Tech-House_melody_natural_minor.mid,melody,G,natural_minor,04_Tech-House,126,3,12,04_Tech-House melody (natural_minor) — G minor
Melodies/By-Genre/04_Tech-House/Gsm_04_Tech-House_melody_natural_minor.mid,melody,Gs,natural_minor,04_Tech-House,126,3,12,04_Tech-House melody (natural_minor) — Gs minor
Melodies/By-Genre/05_Techno/Am_05_Techno_melody_phrygian.mid,melody,A,phrygian,05_Techno,130,4,24,05_Techno melody (phrygian) — A minor
Melodies/By-Genre/05_Techno/Asm_05_Techno_melody_phrygian.mid,melody,As,phrygian,05_Techno,130,4,20,05_Techno melody (phrygian) — As minor
Melodies/By-Genre/05_Techno/Bm_05_Techno_melody_phrygian.mid,melody,B,phrygian,05_Techno,130,4,16,05_Techno melody (phrygian) — B minor
Melodies/By-Genre/05_Techno/Cm_05_Techno_melody_phrygian.mid,melody,C,phrygian,05_Techno,130,4,20,05_Techno melody (phrygian) — C minor
Melodies/By-Genre/05_Techno/Csm_05_Techno_melody_phrygian.mid,melody,Cs,phrygian,05_Techno,130,4,16,05_Techno melody (phrygian) — Cs minor
Melodies/By-Genre/05_Techno/Dm_05_Techno_melody_phrygian.mid,melody,D,phrygian,05_Techno,130,4,16,05_Techno melody (phrygian) — D minor
Melodies/By-Genre/05_Techno/Dsm_05_Techno_melody_phrygian.mid,melody,Ds,phrygian,05_Techno,130,4,16,05_Techno melody (phrygian) — Ds minor
Melodies/By-Genre/05_Techno/Em_05_Techno_melody_phrygian.mid,melody,E,phrygian,05_Techno,130,4,20,05_Techno melody (phrygian) — E minor
Melodies/By-Genre/05_Techno/Fm_05_Techno_melody_phrygian.mid,melody,F,phrygian,05_Techno,130,4,24,05_Techno melody (phrygian) — F minor
Melodies/By-Genre/05_Techno/Fsm_05_Techno_melody_phrygian.mid,melody,Fs,phrygian,05_Techno,130,4,20,05_Techno melody (phrygian) — Fs minor
Melodies/By-Genre/05_Techno/Gm_05_Techno_melody_phrygian.mid,melody,G,phrygian,05_Techno,130,4,16,05_Techno melody (phrygian) — G minor
Melodies/By-Genre/05_Techno/Gsm_05_Techno_melody_phrygian.mid,melody,Gs,phrygian,05_Techno,130,4,20,05_Techno melody (phrygian) — Gs minor
Melodies/By-Genre/06_Melodic-Techno/Am_06_Melodic-Techno_melody_natural_minor.mid,melody,A,natural_minor,06_Melodic-Techno,124,8,48,06_Melodic-Techno melody (natural_minor) — A minor
Melodies/By-Genre/06_Melodic-Techno/Asm_06_Melodic-Techno_melody_natural_minor.mid,melody,As,natural_minor,06_Melodic-Techno,124,8,48,06_Melodic-Techno melody (natural_minor) — As minor
Melodies/By-Genre/06_Melodic-Techno/Bm_06_Melodic-Techno_melody_natural_minor.mid,melody,B,natural_minor,06_Melodic-Techno,124,8,40,06_Melodic-Techno melody (natural_minor) — B minor
Melodies/By-Genre/06_Melodic-Techno/Cm_06_Melodic-Techno_melody_natural_minor.mid,melody,C,natural_minor,06_Melodic-Techno,124,8,40,06_Melodic-Techno melody (natural_minor) — C minor
Melodies/By-Genre/06_Melodic-Techno/Csm_06_Melodic-Techno_melody_natural_minor.mid,melody,Cs,natural_minor,06_Melodic-Techno,124,8,48,06_Melodic-Techno melody (natural_minor) — Cs minor
Melodies/By-Genre/06_Melodic-Techno/Dm_06_Melodic-Techno_melody_natural_minor.mid,melody,D,natural_minor,06_Melodic-Techno,124,8,32,06_Melodic-Techno melody (natural_minor) — D minor
Melodies/By-Genre/06_Melodic-Techno/Dsm_06_Melodic-Techno_melody_natural_minor.mid,melody,Ds,natural_minor,06_Melodic-Techno,124,8,48,06_Melodic-Techno melody (natural_minor) — Ds minor
Melodies/By-Genre/06_Melodic-Techno/Em_06_Melodic-Techno_melody_natural_minor.mid,melody,E,natural_minor,06_Melodic-Techno,124,8,32,06_Melodic-Techno melody (natural_minor) — E minor
Melodies/By-Genre/06_Melodic-Techno/Fm_06_Melodic-Techno_melody_natural_minor.mid,melody,F,natural_minor,06_Melodic-Techno,124,8,48,06_Melodic-Techno melody (natural_minor) — F minor
Melodies/By-Genre/06_Melodic-Techno/Fsm_06_Melodic-Techno_melody_natural_minor.mid,melody,Fs,natural_minor,06_Melodic-Techno,124,8,40,06_Melodic-Techno melody (natural_minor) — Fs minor
Melodies/By-Genre/06_Melodic-Techno/Gm_06_Melodic-Techno_melody_natural_minor.mid,melody,G,natural_minor,06_Melodic-Techno,124,8,40,06_Melodic-Techno melody (natural_minor) — G minor
Melodies/By-Genre/06_Melodic-Techno/Gsm_06_Melodic-Techno_melody_natural_minor.mid,melody,Gs,natural_minor,06_Melodic-Techno,124,8,40,06_Melodic-Techno melody (natural_minor) — Gs minor
Melodies/By-Genre/07_Trance/Am_07_Trance_melody_harmonic_minor.mid,melody,A,harmonic_minor,07_Trance,138,4,20,07_Trance melody (harmonic_minor) — A minor
Melodies/By-Genre/07_Trance/Asm_07_Trance_melody_harmonic_minor.mid,melody,As,harmonic_minor,07_Trance,138,4,20,07_Trance melody (harmonic_minor) — As minor
Melodies/By-Genre/07_Trance/Bm_07_Trance_melody_harmonic_minor.mid,melody,B,harmonic_minor,07_Trance,138,4,24,07_Trance melody (harmonic_minor) — B minor
Melodies/By-Genre/07_Trance/Cm_07_Trance_melody_harmonic_minor.mid,melody,C,harmonic_minor,07_Trance,138,4,24,07_Trance melody (harmonic_minor) — C minor
Melodies/By-Genre/07_Trance/Csm_07_Trance_melody_harmonic_minor.mid,melody,Cs,harmonic_minor,07_Trance,138,4,20,07_Trance melody (harmonic_minor) — Cs minor
Melodies/By-Genre/07_Trance/Dm_07_Trance_melody_harmonic_minor.mid,melody,D,harmonic_minor,07_Trance,138,4,20,07_Trance melody (harmonic_minor) — D minor
Melodies/By-Genre/07_Trance/Dsm_07_Trance_melody_harmonic_minor.mid,melody,Ds,harmonic_minor,07_Trance,138,4,20,07_Trance melody (harmonic_minor) — Ds minor
Melodies/By-Genre/07_Trance/Em_07_Trance_melody_harmonic_minor.mid,melody,E,harmonic_minor,07_Trance,138,4,24,07_Trance melody (harmonic_minor) — E minor
Melodies/By-Genre/07_Trance/Fm_07_Trance_melody_harmonic_minor.mid,melody,F,harmonic_minor,07_Trance,138,4,20,07_Trance melody (harmonic_minor) — F minor
Melodies/By-Genre/07_Trance/Fsm_07_Trance_melody_harmonic_minor.mid,melody,Fs,harmonic_minor,07_Trance,138,4,20,07_Trance melody (harmonic_minor) — Fs minor
Melodies/By-Genre/07_Trance/Gm_07_Trance_melody_harmonic_minor.mid,melody,G,harmonic_minor,07_Trance,138,4,16,07_Trance melody (harmonic_minor) — G minor
Melodies/By-Genre/07_Trance/Gsm_07_Trance_melody_harmonic_minor.mid,melody,Gs,harmonic_minor,07_Trance,138,4,20,07_Trance melody (harmonic_minor) — Gs minor
Melodies/By-Genre/08_Hardstyle/Am_08_Hardstyle_melody_harmonic_minor.mid,melody,A,harmonic_minor,08_Hardstyle,150,4,20,08_Hardstyle melody (harmonic_minor) — A minor
Melodies/By-Genre/08_Hardstyle/Asm_08_Hardstyle_melody_harmonic_minor.mid,melody,As,harmonic_minor,08_Hardstyle,150,4,16,08_Hardstyle melody (harmonic_minor) — As minor
Melodies/By-Genre/08_Hardstyle/Bm_08_Hardstyle_melody_harmonic_minor.mid,melody,B,harmonic_minor,08_Hardstyle,150,4,24,08_Hardstyle melody (harmonic_minor) — B minor
Melodies/By-Genre/08_Hardstyle/Cm_08_Hardstyle_melody_harmonic_minor.mid,melody,C,harmonic_minor,08_Hardstyle,150,4,20,08_Hardstyle melody (harmonic_minor) — C minor
Melodies/By-Genre/08_Hardstyle/Csm_08_Hardstyle_melody_harmonic_minor.mid,melody,Cs,harmonic_minor,08_Hardstyle,150,4,20,08_Hardstyle melody (harmonic_minor) — Cs minor
Melodies/By-Genre/08_Hardstyle/Dm_08_Hardstyle_melody_harmonic_minor.mid,melody,D,harmonic_minor,08_Hardstyle,150,4,20,08_Hardstyle melody (harmonic_minor) — D minor
Melodies/By-Genre/08_Hardstyle/Dsm_08_Hardstyle_melody_harmonic_minor.mid,melody,Ds,harmonic_minor,08_Hardstyle,150,4,20,08_Hardstyle melody (harmonic_minor) — Ds minor
Melodies/By-Genre/08_Hardstyle/Em_08_Hardstyle_melody_harmonic_minor.mid,melody,E,harmonic_minor,08_Hardstyle,150,4,16,08_Hardstyle melody (harmonic_minor) — E minor
Melodies/By-Genre/08_Hardstyle/Fm_08_Hardstyle_melody_harmonic_minor.mid,melody,F,harmonic_minor,08_Hardstyle,150,4,20,08_Hardstyle melody (harmonic_minor) — F minor
Melodies/By-Genre/08_Hardstyle/Fsm_08_Hardstyle_melody_harmonic_minor.mid,melody,Fs,harmonic_minor,08_Hardstyle,150,4,20,08_Hardstyle melody (harmonic_minor) — Fs minor
Melodies/By-Genre/08_Hardstyle/Gm_08_Hardstyle_melody_harmonic_minor.mid,melody,G,harmonic_minor,08_Hardstyle,150,4,20,08_Hardstyle melody (harmonic_minor) — G minor
Melodies/By-Genre/08_Hardstyle/Gsm_08_Hardstyle_melody_harmonic_minor.mid,melody,Gs,harmonic_minor,08_Hardstyle,150,4,20,08_Hardstyle melody (harmonic_minor) — Gs minor
Melodies/By-Genre/09_Hardcore-Gabber/Am_09_Hardcore-Gabber_melody_phrygian.mid,melody,A,phrygian,09_Hardcore-Gabber,180,3,15,09_Hardcore-Gabber melody (phrygian) — A minor
Melodies/By-Genre/09_Hardcore-Gabber/Asm_09_Hardcore-Gabber_melody_phrygian.mid,melody,As,phrygian,09_Hardcore-Gabber,180,3,18,09_Hardcore-Gabber melody (phrygian) — As minor
Melodies/By-Genre/09_Hardcore-Gabber/Bm_09_Hardcore-Gabber_melody_phrygian.mid,melody,B,phrygian,09_Hardcore-Gabber,180,3,12,09_Hardcore-Gabber melody (phrygian) — B minor
Melodies/By-Genre/09_Hardcore-Gabber/Cm_09_Hardcore-Gabber_melody_phrygian.mid,melody,C,phrygian,09_Hardcore-Gabber,180,3,18,09_Hardcore-Gabber melody (phrygian) — C minor
Melodies/By-Genre/09_Hardcore-Gabber/Csm_09_Hardcore-Gabber_melody_phrygian.mid,melody,Cs,phrygian,09_Hardcore-Gabber,180,3,12,09_Hardcore-Gabber melody (phrygian) — Cs minor
Melodies/By-Genre/09_Hardcore-Gabber/Dm_09_Hardcore-Gabber_melody_phrygian.mid,melody,D,phrygian,09_Hardcore-Gabber,180,3,15,09_Hardcore-Gabber melody (phrygian) — D minor
Melodies/By-Genre/09_Hardcore-Gabber/Dsm_09_Hardcore-Gabber_melody_phrygian.mid,melody,Ds,phrygian,09_Hardcore-Gabber,180,3,18,09_Hardcore-Gabber melody (phrygian) — Ds minor
Melodies/By-Genre/09_Hardcore-Gabber/Em_09_Hardcore-Gabber_melody_phrygian.mid,melody,E,phrygian,09_Hardcore-Gabber,180,3,12,09_Hardcore-Gabber melody (phrygian) — E minor
Melodies/By-Genre/09_Hardcore-Gabber/Fm_09_Hardcore-Gabber_melody_phrygian.mid,melody,F,phrygian,09_Hardcore-Gabber,180,3,12,09_Hardcore-Gabber melody (phrygian) — F minor
Melodies/By-Genre/09_Hardcore-Gabber/Fsm_09_Hardcore-Gabber_melody_phrygian.mid,melody,Fs,phrygian,09_Hardcore-Gabber,180,3,18,09_Hardcore-Gabber melody (phrygian) — Fs minor
Melodies/By-Genre/09_Hardcore-Gabber/Gm_09_Hardcore-Gabber_melody_phrygian.mid,melody,G,phrygian,09_Hardcore-Gabber,180,3,18,09_Hardcore-Gabber melody (phrygian) — G minor
Melodies/By-Genre/09_Hardcore-Gabber/Gsm_09_Hardcore-Gabber_melody_phrygian.mid,melody,Gs,phrygian,09_Hardcore-Gabber,180,3,15,09_Hardcore-Gabber melody (phrygian) — Gs minor
Melodies/By-Genre/10_Dubstep/Am_10_Dubstep_melody_natural_minor.mid,melody,A,natural_minor,10_Dubstep,140,3,15,10_Dubstep melody (natural_minor) — A minor
Melodies/By-Genre/10_Dubstep/Asm_10_Dubstep_melody_natural_minor.mid,melody,As,natural_minor,10_Dubstep,140,3,12,10_Dubstep melody (natural_minor) — As minor
Melodies/By-Genre/10_Dubstep/Bm_10_Dubstep_melody_natural_minor.mid,melody,B,natural_minor,10_Dubstep,140,3,15,10_Dubstep melody (natural_minor) — B minor
Melodies/By-Genre/10_Dubstep/Cm_10_Dubstep_melody_natural_minor.mid,melody,C,natural_minor,10_Dubstep,140,3,12,10_Dubstep melody (natural_minor) — C minor
Melodies/By-Genre/10_Dubstep/Csm_10_Dubstep_melody_natural_minor.mid,melody,Cs,natural_minor,10_Dubstep,140,3,15,10_Dubstep melody (natural_minor) — Cs minor
Melodies/By-Genre/10_Dubstep/Dm_10_Dubstep_melody_natural_minor.mid,melody,D,natural_minor,10_Dubstep,140,3,15,10_Dubstep melody (natural_minor) — D minor
Melodies/By-Genre/10_Dubstep/Dsm_10_Dubstep_melody_natural_minor.mid,melody,Ds,natural_minor,10_Dubstep,140,3,15,10_Dubstep melody (natural_minor) — Ds minor
Melodies/By-Genre/10_Dubstep/Em_10_Dubstep_melody_natural_minor.mid,melody,E,natural_minor,10_Dubstep,140,3,18,10_Dubstep melody (natural_minor) — E minor
Melodies/By-Genre/10_Dubstep/Fm_10_Dubstep_melody_natural_minor.mid,melody,F,natural_minor,10_Dubstep,140,3,12,10_Dubstep melody (natural_minor) — F minor
Melodies/By-Genre/10_Dubstep/Fsm_10_Dubstep_melody_natural_minor.mid,melody,Fs,natural_minor,10_Dubstep,140,3,15,10_Dubstep melody (natural_minor) — Fs minor
Melodies/By-Genre/10_Dubstep/Gm_10_Dubstep_melody_natural_minor.mid,melody,G,natural_minor,10_Dubstep,140,3,18,10_Dubstep melody (natural_minor) — G minor
Melodies/By-Genre/10_Dubstep/Gsm_10_Dubstep_melody_natural_minor.mid,melody,Gs,natural_minor,10_Dubstep,140,3,15,10_Dubstep melody (natural_minor) — Gs minor
Melodies/By-Genre/11_Future-Bass/Am_11_Future-Bass_melody_minor_pentatonic.mid,melody,A,minor_pentatonic,11_Future-Bass,150,4,24,11_Future-Bass melody (minor_pentatonic) — A minor
Melodies/By-Genre/11_Future-Bass/Asm_11_Future-Bass_melody_minor_pentatonic.mid,melody,As,minor_pentatonic,11_Future-Bass,150,4,20,11_Future-Bass melody (minor_pentatonic) — As minor
Melodies/By-Genre/11_Future-Bass/Bm_11_Future-Bass_melody_minor_pentatonic.mid,melody,B,minor_pentatonic,11_Future-Bass,150,4,20,11_Future-Bass melody (minor_pentatonic) — B minor
Melodies/By-Genre/11_Future-Bass/Cm_11_Future-Bass_melody_minor_pentatonic.mid,melody,C,minor_pentatonic,11_Future-Bass,150,4,20,11_Future-Bass melody (minor_pentatonic) — C minor
Melodies/By-Genre/11_Future-Bass/Csm_11_Future-Bass_melody_minor_pentatonic.mid,melody,Cs,minor_pentatonic,11_Future-Bass,150,4,20,11_Future-Bass melody (minor_pentatonic) — Cs minor
Melodies/By-Genre/11_Future-Bass/Dm_11_Future-Bass_melody_minor_pentatonic.mid,melody,D,minor_pentatonic,11_Future-Bass,150,4,16,11_Future-Bass melody (minor_pentatonic) — D minor
Melodies/By-Genre/11_Future-Bass/Dsm_11_Future-Bass_melody_minor_pentatonic.mid,melody,Ds,minor_pentatonic,11_Future-Bass,150,4,20,11_Future-Bass melody (minor_pentatonic) — Ds minor
Melodies/By-Genre/11_Future-Bass/Em_11_Future-Bass_melody_minor_pentatonic.mid,melody,E,minor_pentatonic,11_Future-Bass,150,4,20,11_Future-Bass melody (minor_pentatonic) — E minor
Melodies/By-Genre/11_Future-Bass/Fm_11_Future-Bass_melody_minor_pentatonic.mid,melody,F,minor_pentatonic,11_Future-Bass,150,4,20,11_Future-Bass melody (minor_pentatonic) — F minor
Melodies/By-Genre/11_Future-Bass/Fsm_11_Future-Bass_melody_minor_pentatonic.mid,melody,Fs,minor_pentatonic,11_Future-Bass,150,4,24,11_Future-Bass melody (minor_pentatonic) — Fs minor
Melodies/By-Genre/11_Future-Bass/Gm_11_Future-Bass_melody_minor_pentatonic.mid,melody,G,minor_pentatonic,11_Future-Bass,150,4,20,11_Future-Bass melody (minor_pentatonic) — G minor
Melodies/By-Genre/11_Future-Bass/Gsm_11_Future-Bass_melody_minor_pentatonic.mid,melody,Gs,minor_pentatonic,11_Future-Bass,150,4,20,11_Future-Bass melody (minor_pentatonic) — Gs minor
Melodies/By-Genre/12_Lofi-Chill/Am_12_Lofi-Chill_melody_dorian.mid,melody,A,dorian,12_Lofi-Chill,85,4,16,12_Lofi-Chill melody (dorian) — A minor
Melodies/By-Genre/12_Lofi-Chill/Asm_12_Lofi-Chill_melody_dorian.mid,melody,As,dorian,12_Lofi-Chill,85,4,20,12_Lofi-Chill melody (dorian) — As minor
Melodies/By-Genre/12_Lofi-Chill/Bm_12_Lofi-Chill_melody_dorian.mid,melody,B,dorian,12_Lofi-Chill,85,4,16,12_Lofi-Chill melody (dorian) — B minor
Melodies/By-Genre/12_Lofi-Chill/Cm_12_Lofi-Chill_melody_dorian.mid,melody,C,dorian,12_Lofi-Chill,85,4,20,12_Lofi-Chill melody (dorian) — C minor
Melodies/By-Genre/12_Lofi-Chill/Csm_12_Lofi-Chill_melody_dorian.mid,melody,Cs,dorian,12_Lofi-Chill,85,4,20,12_Lofi-Chill melody (dorian) — Cs minor
Melodies/By-Genre/12_Lofi-Chill/Dm_12_Lofi-Chill_melody_dorian.mid,melody,D,dorian,12_Lofi-Chill,85,4,16,12_Lofi-Chill melody (dorian) — D minor
Melodies/By-Genre/12_Lofi-Chill/Dsm_12_Lofi-Chill_melody_dorian.mid,melody,Ds,dorian,12_Lofi-Chill,85,4,24,12_Lofi-Chill melody (dorian) — Ds minor
Melodies/By-Genre/12_Lofi-Chill/Em_12_Lofi-Chill_melody_dorian.mid,melody,E,dorian,12_Lofi-Chill,85,4,24,12_Lofi-Chill melody (dorian) — E minor
Melodies/By-Genre/12_Lofi-Chill/Fm_12_Lofi-Chill_melody_dorian.mid,melody,F,dorian,12_Lofi-Chill,85,4,24,12_Lofi-Chill melody (dorian) — F minor
Melodies/By-Genre/12_Lofi-Chill/Fsm_12_Lofi-Chill_melody_dorian.mid,melody,Fs,dorian,12_Lofi-Chill,85,4,16,12_Lofi-Chill melody (dorian) — Fs minor
Melodies/By-Genre/12_Lofi-Chill/Gm_12_Lofi-Chill_melody_dorian.mid,melody,G,dorian,12_Lofi-Chill,85,4,20,12_Lofi-Chill melody (dorian) — G minor
Melodies/By-Genre/12_Lofi-Chill/Gsm_12_Lofi-Chill_melody_dorian.mid,melody,Gs,dorian,12_Lofi-Chill,85,4,20,12_Lofi-Chill melody (dorian) — Gs minor
Melodies/By-Scale/A-minor/Am_melody_dorian_1.mid,melody,A,dorian,,124,4,24,A dorian melody v1
Melodies/By-Scale/A-minor/Am_melody_dorian_2.mid,melody,A,dorian,,124,4,16,A dorian melody v2
Melodies/By-Scale/A-minor/Am_melody_harmonic_minor_1.mid,melody,A,harmonic_minor,,124,4,20,A harmonic_minor melody v1
Melodies/By-Scale/A-minor/Am_melody_harmonic_minor_2.mid,melody,A,harmonic_minor,,124,4,24,A harmonic_minor melody v2
Melodies/By-Scale/A-minor/Am_melody_minor_pentatonic_1.mid,melody,A,minor_pentatonic,,124,4,16,A minor_pentatonic melody v1
Melodies/By-Scale/A-minor/Am_melody_minor_pentatonic_2.mid,melody,A,minor_pentatonic,,124,4,16,A minor_pentatonic melody v2
Melodies/By-Scale/A-minor/Am_melody_natural_minor_1.mid,melody,A,natural_minor,,124,4,24,A natural_minor melody v1
Melodies/By-Scale/A-minor/Am_melody_natural_minor_2.mid,melody,A,natural_minor,,124,4,20,A natural_minor melody v2
Melodies/By-Scale/As-minor/Asm_melody_dorian_1.mid,melody,As,dorian,,124,4,24,As dorian melody v1
Melodies/By-Scale/As-minor/Asm_melody_dorian_2.mid,melody,As,dorian,,124,4,20,As dorian melody v2
Melodies/By-Scale/As-minor/Asm_melody_harmonic_minor_1.mid,melody,As,harmonic_minor,,124,4,20,As harmonic_minor melody v1
Melodies/By-Scale/As-minor/Asm_melody_harmonic_minor_2.mid,melody,As,harmonic_minor,,124,4,20,As harmonic_minor melody v2
Melodies/By-Scale/As-minor/Asm_melody_minor_pentatonic_1.mid,melody,As,minor_pentatonic,,124,4,20,As minor_pentatonic melody v1
Melodies/By-Scale/As-minor/Asm_melody_minor_pentatonic_2.mid,melody,As,minor_pentatonic,,124,4,20,As minor_pentatonic melody v2
Melodies/By-Scale/As-minor/Asm_melody_natural_minor_1.mid,melody,As,natural_minor,,124,4,16,As natural_minor melody v1
Melodies/By-Scale/As-minor/Asm_melody_natural_minor_2.mid,melody,As,natural_minor,,124,4,24,As natural_minor melody v2
Melodies/By-Scale/B-minor/Bm_melody_dorian_1.mid,melody,B,dorian,,124,4,16,B dorian melody v1
Melodies/By-Scale/B-minor/Bm_melody_dorian_2.mid,melody,B,dorian,,124,4,16,B dorian melody v2
Melodies/By-Scale/B-minor/Bm_melody_harmonic_minor_1.mid,melody,B,harmonic_minor,,124,4,20,B harmonic_minor melody v1
Melodies/By-Scale/B-minor/Bm_melody_harmonic_minor_2.mid,melody,B,harmonic_minor,,124,4,24,B harmonic_minor melody v2
Melodies/By-Scale/B-minor/Bm_melody_minor_pentatonic_1.mid,melody,B,minor_pentatonic,,124,4,16,B minor_pentatonic melody v1
Melodies/By-Scale/B-minor/Bm_melody_minor_pentatonic_2.mid,melody,B,minor_pentatonic,,124,4,24,B minor_pentatonic melody v2
Melodies/By-Scale/B-minor/Bm_melody_natural_minor_1.mid,melody,B,natural_minor,,124,4,16,B natural_minor melody v1
Melodies/By-Scale/B-minor/Bm_melody_natural_minor_2.mid,melody,B,natural_minor,,124,4,16,B natural_minor melody v2
Melodies/By-Scale/C-minor/Cm_melody_dorian_1.mid,melody,C,dorian,,124,4,20,C dorian melody v1
Melodies/By-Scale/C-minor/Cm_melody_dorian_2.mid,melody,C,dorian,,124,4,20,C dorian melody v2
Melodies/By-Scale/C-minor/Cm_melody_harmonic_minor_1.mid,melody,C,harmonic_minor,,124,4,24,C harmonic_minor melody v1
Melodies/By-Scale/C-minor/Cm_melody_harmonic_minor_2.mid,melody,C,harmonic_minor,,124,4,24,C harmonic_minor melody v2
Melodies/By-Scale/C-minor/Cm_melody_minor_pentatonic_1.mid,melody,C,minor_pentatonic,,124,4,16,C minor_pentatonic melody v1
Melodies/By-Scale/C-minor/Cm_melody_minor_pentatonic_2.mid,melody,C,minor_pentatonic,,124,4,24,C minor_pentatonic melody v2
Melodies/By-Scale/C-minor/Cm_melody_natural_minor_1.mid,melody,C,natural_minor,,124,4,16,C natural_minor melody v1
Melodies/By-Scale/C-minor/Cm_melody_natural_minor_2.mid,melody,C,natural_minor,,124,4,16,C natural_minor melody v2
Melodies/By-Scale/Cs-minor/Csm_melody_dorian_1.mid,melody,Cs,dorian,,124,4,24,Cs dorian melody v1
Melodies/By-Scale/Cs-minor/Csm_melody_dorian_2.mid,melody,Cs,dorian,,124,4,24,Cs dorian melody v2
Melodies/By-Scale/Cs-minor/Csm_melody_harmonic_minor_1.mid,melody,Cs,harmonic_minor,,124,4,20,Cs harmonic_minor melody v1
Melodies/By-Scale/Cs-minor/Csm_melody_harmonic_minor_2.mid,melody,Cs,harmonic_minor,,124,4,20,Cs harmonic_minor melody v2
Melodies/By-Scale/Cs-minor/Csm_melody_minor_pentatonic_1.mid,melody,Cs,minor_pentatonic,,124,4,16,Cs minor_pentatonic melody v1
Melodies/By-Scale/Cs-minor/Csm_melody_minor_pentatonic_2.mid,melody,Cs,minor_pentatonic,,124,4,20,Cs minor_pentatonic melody v2
Melodies/By-Scale/Cs-minor/Csm_melody_natural_minor_1.mid,melody,Cs,natural_minor,,124,4,20,Cs natural_minor melody v1
Melodies/By-Scale/Cs-minor/Csm_melody_natural_minor_2.mid,melody,Cs,natural_minor,,124,4,24,Cs natural_minor melody v2
Melodies/By-Scale/D-minor/Dm_melody_dorian_1.mid,melody,D,dorian,,124,4,24,D dorian melody v1
Melodies/By-Scale/D-minor/Dm_melody_dorian_2.mid,melody,D,dorian,,124,4,16,D dorian melody v2
Melodies/By-Scale/D-minor/Dm_melody_harmonic_minor_1.mid,melody,D,harmonic_minor,,124,4,20,D harmonic_minor melody v1
Melodies/By-Scale/D-minor/Dm_melody_harmonic_minor_2.mid,melody,D,harmonic_minor,,124,4,20,D harmonic_minor melody v2
Melodies/By-Scale/D-minor/Dm_melody_minor_pentatonic_1.mid,melody,D,minor_pentatonic,,124,4,16,D minor_pentatonic melody v1
Melodies/By-Scale/D-minor/Dm_melody_minor_pentatonic_2.mid,melody,D,minor_pentatonic,,124,4,16,D minor_pentatonic melody v2
Melodies/By-Scale/D-minor/Dm_melody_natural_minor_1.mid,melody,D,natural_minor,,124,4,20,D natural_minor melody v1
Melodies/By-Scale/D-minor/Dm_melody_natural_minor_2.mid,melody,D,natural_minor,,124,4,20,D natural_minor melody v2
Melodies/By-Scale/Ds-minor/Dsm_melody_dorian_1.mid,melody,Ds,dorian,,124,4,20,Ds dorian melody v1
Melodies/By-Scale/Ds-minor/Dsm_melody_dorian_2.mid,melody,Ds,dorian,,124,4,24,Ds dorian melody v2
Melodies/By-Scale/Ds-minor/Dsm_melody_harmonic_minor_1.mid,melody,Ds,harmonic_minor,,124,4,24,Ds harmonic_minor melody v1
Melodies/By-Scale/Ds-minor/Dsm_melody_harmonic_minor_2.mid,melody,Ds,harmonic_minor,,124,4,16,Ds harmonic_minor melody v2
Melodies/By-Scale/Ds-minor/Dsm_melody_minor_pentatonic_1.mid,melody,Ds,minor_pentatonic,,124,4,24,Ds minor_pentatonic melody v1
Melodies/By-Scale/Ds-minor/Dsm_melody_minor_pentatonic_2.mid,melody,Ds,minor_pentatonic,,124,4,16,Ds minor_pentatonic melody v2
Melodies/By-Scale/Ds-minor/Dsm_melody_natural_minor_1.mid,melody,Ds,natural_minor,,124,4,20,Ds natural_minor melody v1
Melodies/By-Scale/Ds-minor/Dsm_melody_natural_minor_2.mid,melody,Ds,natural_minor,,124,4,24,Ds natural_minor melody v2
Melodies/By-Scale/E-minor/Em_melody_dorian_1.mid,melody,E,dorian,,124,4,20,E dorian melody v1
Melodies/By-Scale/E-minor/Em_melody_dorian_2.mid,melody,E,dorian,,124,4,16,E dorian melody v2
Melodies/By-Scale/E-minor/Em_melody_harmonic_minor_1.mid,melody,E,harmonic_minor,,124,4,24,E harmonic_minor melody v1
Melodies/By-Scale/E-minor/Em_melody_harmonic_minor_2.mid,melody,E,harmonic_minor,,124,4,20,E harmonic_minor melody v2
Melodies/By-Scale/E-minor/Em_melody_minor_pentatonic_1.mid,melody,E,minor_pentatonic,,124,4,24,E minor_pentatonic melody v1
Melodies/By-Scale/E-minor/Em_melody_minor_pentatonic_2.mid,melody,E,minor_pentatonic,,124,4,24,E minor_pentatonic melody v2
Melodies/By-Scale/E-minor/Em_melody_natural_minor_1.mid,melody,E,natural_minor,,124,4,20,E natural_minor melody v1
Melodies/By-Scale/E-minor/Em_melody_natural_minor_2.mid,melody,E,natural_minor,,124,4,24,E natural_minor melody v2
Melodies/By-Scale/F-minor/Fm_melody_dorian_1.mid,melody,F,dorian,,124,4,20,F dorian melody v1
Melodies/By-Scale/F-minor/Fm_melody_dorian_2.mid,melody,F,dorian,,124,4,24,F dorian melody v2
Melodies/By-Scale/F-minor/Fm_melody_harmonic_minor_1.mid,melody,F,harmonic_minor,,124,4,16,F harmonic_minor melody v1
Melodies/By-Scale/F-minor/Fm_melody_harmonic_minor_2.mid,melody,F,harmonic_minor,,124,4,24,F harmonic_minor melody v2
Melodies/By-Scale/F-minor/Fm_melody_minor_pentatonic_1.mid,melody,F,minor_pentatonic,,124,4,20,F minor_pentatonic melody v1
Melodies/By-Scale/F-minor/Fm_melody_minor_pentatonic_2.mid,melody,F,minor_pentatonic,,124,4,24,F minor_pentatonic melody v2
Melodies/By-Scale/F-minor/Fm_melody_natural_minor_1.mid,melody,F,natural_minor,,124,4,20,F natural_minor melody v1
Melodies/By-Scale/F-minor/Fm_melody_natural_minor_2.mid,melody,F,natural_minor,,124,4,20,F natural_minor melody v2
Melodies/By-Scale/Fs-minor/Fsm_melody_dorian_1.mid,melody,Fs,dorian,,124,4,24,Fs dorian melody v1
Melodies/By-Scale/Fs-minor/Fsm_melody_dorian_2.mid,melody,Fs,dorian,,124,4,16,Fs dorian melody v2
Melodies/By-Scale/Fs-minor/Fsm_melody_harmonic_minor_1.mid,melody,Fs,harmonic_minor,,124,4,24,Fs harmonic_minor melody v1
Melodies/By-Scale/Fs-minor/Fsm_melody_harmonic_minor_2.mid,melody,Fs,harmonic_minor,,124,4,24,Fs harmonic_minor melody v2
Melodies/By-Scale/Fs-minor/Fsm_melody_minor_pentatonic_1.mid,melody,Fs,minor_pentatonic,,124,4,20,Fs minor_pentatonic melody v1
Melodies/By-Scale/Fs-minor/Fsm_melody_minor_pentatonic_2.mid,melody,Fs,minor_pentatonic,,124,4,16,Fs minor_pentatonic melody v2
Melodies/By-Scale/Fs-minor/Fsm_melody_natural_minor_1.mid,melody,Fs,natural_minor,,124,4,16,Fs natural_minor melody v1
Melodies/By-Scale/Fs-minor/Fsm_melody_natural_minor_2.mid,melody,Fs,natural_minor,,124,4,20,Fs natural_minor melody v2
Melodies/By-Scale/G-minor/Gm_melody_dorian_1.mid,melody,G,dorian,,124,4,20,G dorian melody v1
Melodies/By-Scale/G-minor/Gm_melody_dorian_2.mid,melody,G,dorian,,124,4,16,G dorian melody v2
Melodies/By-Scale/G-minor/Gm_melody_harmonic_minor_1.mid,melody,G,harmonic_minor,,124,4,20,G harmonic_minor melody v1
Melodies/By-Scale/G-minor/Gm_melody_harmonic_minor_2.mid,melody,G,harmonic_minor,,124,4,16,G harmonic_minor melody v2
Melodies/By-Scale/G-minor/Gm_melody_minor_pentatonic_1.mid,melody,G,minor_pentatonic,,124,4,24,G minor_pentatonic melody v1
Melodies/By-Scale/G-minor/Gm_melody_minor_pentatonic_2.mid,melody,G,minor_pentatonic,,124,4,20,G minor_pentatonic melody v2
Melodies/By-Scale/G-minor/Gm_melody_natural_minor_1.mid,melody,G,natural_minor,,124,4,16,G natural_minor melody v1
Melodies/By-Scale/G-minor/Gm_melody_natural_minor_2.mid,melody,G,natural_minor,,124,4,24,G natural_minor melody v2
Melodies/By-Scale/Gs-minor/Gsm_melody_dorian_1.mid,melody,Gs,dorian,,124,4,20,Gs dorian melody v1
Melodies/By-Scale/Gs-minor/Gsm_melody_dorian_2.mid,melody,Gs,dorian,,124,4,16,Gs dorian melody v2
Melodies/By-Scale/Gs-minor/Gsm_melody_harmonic_minor_1.mid,melody,Gs,harmonic_minor,,124,4,24,Gs harmonic_minor melody v1
Melodies/By-Scale/Gs-minor/Gsm_melody_harmonic_minor_2.mid,melody,Gs,harmonic_minor,,124,4,24,Gs harmonic_minor melody v2
Melodies/By-Scale/Gs-minor/Gsm_melody_minor_pentatonic_1.mid,melody,Gs,minor_pentatonic,,124,4,16,Gs minor_pentatonic melody v1
Melodies/By-Scale/Gs-minor/Gsm_melody_minor_pentatonic_2.mid,melody,Gs,minor_pentatonic,,124,4,24,Gs minor_pentatonic melody v2
Melodies/By-Scale/Gs-minor/Gsm_melody_natural_minor_1.mid,melody,Gs,natural_minor,,124,4,20,Gs natural_minor melody v1
Melodies/By-Scale/Gs-minor/Gsm_melody_natural_minor_2.mid,melody,Gs,natural_minor,,124,4,24,Gs natural_minor melody v2
Progressions/By-Genre/01_Deep-House/Am_01_Deep-House_i-VII-VI-VII_chords.mid,progression,A,natural_minor,01_Deep-House,122,4,20,01_Deep-House chords — A minor i-VII-VI-VII
Progressions/By-Genre/01_Deep-House/Asm_01_Deep-House_i-VII-VI-VII_chords.mid,progression,As,natural_minor,01_Deep-House,122,4,20,01_Deep-House chords — As minor i-VII-VI-VII
Progressions/By-Genre/01_Deep-House/Bm_01_Deep-House_i-VII-VI-VII_chords.mid,progression,B,natural_minor,01_Deep-House,122,4,20,01_Deep-House chords — B minor i-VII-VI-VII
Progressions/By-Genre/01_Deep-House/Cm_01_Deep-House_i-VII-VI-VII_chords.mid,progression,C,natural_minor,01_Deep-House,122,4,20,01_Deep-House chords — C minor i-VII-VI-VII
Progressions/By-Genre/01_Deep-House/Csm_01_Deep-House_i-VII-VI-VII_chords.mid,progression,Cs,natural_minor,01_Deep-House,122,4,20,01_Deep-House chords — Cs minor i-VII-VI-VII
Progressions/By-Genre/01_Deep-House/Dm_01_Deep-House_i-VII-VI-VII_chords.mid,progression,D,natural_minor,01_Deep-House,122,4,20,01_Deep-House chords — D minor i-VII-VI-VII
Progressions/By-Genre/01_Deep-House/Dsm_01_Deep-House_i-VII-VI-VII_chords.mid,progression,Ds,natural_minor,01_Deep-House,122,4,20,01_Deep-House chords — Ds minor i-VII-VI-VII
Progressions/By-Genre/01_Deep-House/Em_01_Deep-House_i-VII-VI-VII_chords.mid,progression,E,natural_minor,01_Deep-House,122,4,20,01_Deep-House chords — E minor i-VII-VI-VII
Progressions/By-Genre/01_Deep-House/Fm_01_Deep-House_i-VII-VI-VII_chords.mid,progression,F,natural_minor,01_Deep-House,122,4,20,01_Deep-House chords — F minor i-VII-VI-VII
Progressions/By-Genre/01_Deep-House/Fsm_01_Deep-House_i-VII-VI-VII_chords.mid,progression,Fs,natural_minor,01_Deep-House,122,4,20,01_Deep-House chords — Fs minor i-VII-VI-VII
Progressions/By-Genre/01_Deep-House/Gm_01_Deep-House_i-VII-VI-VII_chords.mid,progression,G,natural_minor,01_Deep-House,122,4,20,01_Deep-House chords — G minor i-VII-VI-VII
Progressions/By-Genre/01_Deep-House/Gsm_01_Deep-House_i-VII-VI-VII_chords.mid,progression,Gs,natural_minor,01_Deep-House,122,4,20,01_Deep-House chords — Gs minor i-VII-VI-VII
Progressions/By-Genre/02_Future-House/Am_02_Future-House_i-v-VI-VII_chords.mid,progression,A,natural_minor,02_Future-House,126,4,16,02_Future-House chords — A minor i-v-VI-VII
Progressions/By-Genre/02_Future-House/Asm_02_Future-House_i-v-VI-VII_chords.mid,progression,As,natural_minor,02_Future-House,126,4,16,02_Future-House chords — As minor i-v-VI-VII
Progressions/By-Genre/02_Future-House/Bm_02_Future-House_i-v-VI-VII_chords.mid,progression,B,natural_minor,02_Future-House,126,4,16,02_Future-House chords — B minor i-v-VI-VII
Progressions/By-Genre/02_Future-House/Cm_02_Future-House_i-v-VI-VII_chords.mid,progression,C,natural_minor,02_Future-House,126,4,16,02_Future-House chords — C minor i-v-VI-VII
Progressions/By-Genre/02_Future-House/Csm_02_Future-House_i-v-VI-VII_chords.mid,progression,Cs,natural_minor,02_Future-House,126,4,16,02_Future-House chords — Cs minor i-v-VI-VII
Progressions/By-Genre/02_Future-House/Dm_02_Future-House_i-v-VI-VII_chords.mid,progression,D,natural_minor,02_Future-House,126,4,16,02_Future-House chords — D minor i-v-VI-VII
Progressions/By-Genre/02_Future-House/Dsm_02_Future-House_i-v-VI-VII_chords.mid,progression,Ds,natural_minor,02_Future-House,126,4,16,02_Future-House chords — Ds minor i-v-VI-VII
Progressions/By-Genre/02_Future-House/Em_02_Future-House_i-v-VI-VII_chords.mid,progression,E,natural_minor,02_Future-House,126,4,16,02_Future-House chords — E minor i-v-VI-VII
Progressions/By-Genre/02_Future-House/Fm_02_Future-House_i-v-VI-VII_chords.mid,progression,F,natural_minor,02_Future-House,126,4,16,02_Future-House chords — F minor i-v-VI-VII
Progressions/By-Genre/02_Future-House/Fsm_02_Future-House_i-v-VI-VII_chords.mid,progression,Fs,natural_minor,02_Future-House,126,4,16,02_Future-House chords — Fs minor i-v-VI-VII
Progressions/By-Genre/02_Future-House/Gm_02_Future-House_i-v-VI-VII_chords.mid,progression,G,natural_minor,02_Future-House,126,4,16,02_Future-House chords — G minor i-v-VI-VII
Progressions/By-Genre/02_Future-House/Gsm_02_Future-House_i-v-VI-VII_chords.mid,progression,Gs,natural_minor,02_Future-House,126,4,16,02_Future-House chords — Gs minor i-v-VI-VII
Progressions/By-Genre/03_Progressive-House/Am_03_Progressive-House_i-VI-III-VII_chords.mid,progression,A,natural_minor,03_Progressive-House,128,4,20,03_Progressive-House chords — A minor i-VI-III-VII
Progressions/By-Genre/03_Progressive-House/Asm_03_Progressive-House_i-VI-III-VII_chords.mid,progression,As,natural_minor,03_Progressive-House,128,4,20,03_Progressive-House chords — As minor i-VI-III-VII
Progressions/By-Genre/03_Progressive-House/Bm_03_Progressive-House_i-VI-III-VII_chords.mid,progression,B,natural_minor,03_Progressive-House,128,4,20,03_Progressive-House chords — B minor i-VI-III-VII
Progressions/By-Genre/03_Progressive-House/Cm_03_Progressive-House_i-VI-III-VII_chords.mid,progression,C,natural_minor,03_Progressive-House,128,4,20,03_Progressive-House chords — C minor i-VI-III-VII
Progressions/By-Genre/03_Progressive-House/Csm_03_Progressive-House_i-VI-III-VII_chords.mid,progression,Cs,natural_minor,03_Progressive-House,128,4,20,03_Progressive-House chords — Cs minor i-VI-III-VII
Progressions/By-Genre/03_Progressive-House/Dm_03_Progressive-House_i-VI-III-VII_chords.mid,progression,D,natural_minor,03_Progressive-House,128,4,20,03_Progressive-House chords — D minor i-VI-III-VII
Progressions/By-Genre/03_Progressive-House/Dsm_03_Progressive-House_i-VI-III-VII_chords.mid,progression,Ds,natural_minor,03_Progressive-House,128,4,20,03_Progressive-House chords — Ds minor i-VI-III-VII
Progressions/By-Genre/03_Progressive-House/Em_03_Progressive-House_i-VI-III-VII_chords.mid,progression,E,natural_minor,03_Progressive-House,128,4,20,03_Progressive-House chords — E minor i-VI-III-VII
Progressions/By-Genre/03_Progressive-House/Fm_03_Progressive-House_i-VI-III-VII_chords.mid,progression,F,natural_minor,03_Progressive-House,128,4,20,03_Progressive-House chords — F minor i-VI-III-VII
Progressions/By-Genre/03_Progressive-House/Fsm_03_Progressive-House_i-VI-III-VII_chords.mid,progression,Fs,natural_minor,03_Progressive-House,128,4,20,03_Progressive-House chords — Fs minor i-VI-III-VII
Progressions/By-Genre/03_Progressive-House/Gm_03_Progressive-House_i-VI-III-VII_chords.mid,progression,G,natural_minor,03_Progressive-House,128,4,20,03_Progressive-House chords — G minor i-VI-III-VII
Progressions/By-Genre/03_Progressive-House/Gsm_03_Progressive-House_i-VI-III-VII_chords.mid,progression,Gs,natural_minor,03_Progressive-House,128,4,20,03_Progressive-House chords — Gs minor i-VI-III-VII
Progressions/By-Genre/04_Tech-House/Am_04_Tech-House_i-VII-VI_chords.mid,progression,A,natural_minor,04_Tech-House,126,3,9,04_Tech-House chords — A minor i-VII-VI
Progressions/By-Genre/04_Tech-House/Asm_04_Tech-House_i-VII-VI_chords.mid,progression,As,natural_minor,04_Tech-House,126,3,9,04_Tech-House chords — As minor i-VII-VI
Progressions/By-Genre/04_Tech-House/Bm_04_Tech-House_i-VII-VI_chords.mid,progression,B,natural_minor,04_Tech-House,126,3,9,04_Tech-House chords — B minor i-VII-VI
Progressions/By-Genre/04_Tech-House/Cm_04_Tech-House_i-VII-VI_chords.mid,progression,C,natural_minor,04_Tech-House,126,3,9,04_Tech-House chords — C minor i-VII-VI
Progressions/By-Genre/04_Tech-House/Csm_04_Tech-House_i-VII-VI_chords.mid,progression,Cs,natural_minor,04_Tech-House,126,3,9,04_Tech-House chords — Cs minor i-VII-VI
Progressions/By-Genre/04_Tech-House/Dm_04_Tech-House_i-VII-VI_chords.mid,progression,D,natural_minor,04_Tech-House,126,3,9,04_Tech-House chords — D minor i-VII-VI
Progressions/By-Genre/04_Tech-House/Dsm_04_Tech-House_i-VII-VI_chords.mid,progression,Ds,natural_minor,04_Tech-House,126,3,9,04_Tech-House chords — Ds minor i-VII-VI
Progressions/By-Genre/04_Tech-House/Em_04_Tech-House_i-VII-VI_chords.mid,progression,E,natural_minor,04_Tech-House,126,3,9,04_Tech-House chords — E minor i-VII-VI
Progressions/By-Genre/04_Tech-House/Fm_04_Tech-House_i-VII-VI_chords.mid,progression,F,natural_minor,04_Tech-House,126,3,9,04_Tech-House chords — F minor i-VII-VI
Progressions/By-Genre/04_Tech-House/Fsm_04_Tech-House_i-VII-VI_chords.mid,progression,Fs,natural_minor,04_Tech-House,126,3,9,04_Tech-House chords — Fs minor i-VII-VI
Progressions/By-Genre/04_Tech-House/Gm_04_Tech-House_i-VII-VI_chords.mid,progression,G,natural_minor,04_Tech-House,126,3,9,04_Tech-House chords — G minor i-VII-VI
Progressions/By-Genre/04_Tech-House/Gsm_04_Tech-House_i-VII-VI_chords.mid,progression,Gs,natural_minor,04_Tech-House,126,3,9,04_Tech-House chords — Gs minor i-VII-VI
Progressions/By-Genre/05_Techno/Am_05_Techno_i-isus4-i-isus4_chords.mid,progression,A,natural_minor,05_Techno,130,4,12,05_Techno chords — A minor i-isus4-i-isus4
Progressions/By-Genre/05_Techno/Asm_05_Techno_i-isus4-i-isus4_chords.mid,progression,As,natural_minor,05_Techno,130,4,12,05_Techno chords — As minor i-isus4-i-isus4
Progressions/By-Genre/05_Techno/Bm_05_Techno_i-isus4-i-isus4_chords.mid,progression,B,natural_minor,05_Techno,130,4,12,05_Techno chords — B minor i-isus4-i-isus4
Progressions/By-Genre/05_Techno/Cm_05_Techno_i-isus4-i-isus4_chords.mid,progression,C,natural_minor,05_Techno,130,4,12,05_Techno chords — C minor i-isus4-i-isus4
Progressions/By-Genre/05_Techno/Csm_05_Techno_i-isus4-i-isus4_chords.mid,progression,Cs,natural_minor,05_Techno,130,4,12,05_Techno chords — Cs minor i-isus4-i-isus4
Progressions/By-Genre/05_Techno/Dm_05_Techno_i-isus4-i-isus4_chords.mid,progression,D,natural_minor,05_Techno,130,4,12,05_Techno chords — D minor i-isus4-i-isus4
Progressions/By-Genre/05_Techno/Dsm_05_Techno_i-isus4-i-isus4_chords.mid,progression,Ds,natural_minor,05_Techno,130,4,12,05_Techno chords — Ds minor i-isus4-i-isus4
Progressions/By-Genre/05_Techno/Em_05_Techno_i-isus4-i-isus4_chords.mid,progression,E,natural_minor,05_Techno,130,4,12,05_Techno chords — E minor i-isus4-i-isus4
Progressions/By-Genre/05_Techno/Fm_05_Techno_i-isus4-i-isus4_chords.mid,progression,F,natural_minor,05_Techno,130,4,12,05_Techno chords — F minor i-isus4-i-isus4
Progressions/By-Genre/05_Techno/Fsm_05_Techno_i-isus4-i-isus4_chords.mid,progression,Fs,natural_minor,05_Techno,130,4,12,05_Techno chords — Fs minor i-isus4-i-isus4
Progressions/By-Genre/05_Techno/Gm_05_Techno_i-isus4-i-isus4_chords.mid,progression,G,natural_minor,05_Techno,130,4,12,05_Techno chords — G minor i-isus4-i-isus4
Progressions/By-Genre/05_Techno/Gsm_05_Techno_i-isus4-i-isus4_chords.mid,progression,Gs,natural_minor,05_Techno,130,4,12,05_Techno chords — Gs minor i-isus4-i-isus4
Progressions/By-Genre/06_Melodic-Techno/Am_06_Melodic-Techno_i-VI-III-VII_chords.mid,progression,A,natural_minor,06_Melodic-Techno,124,8,20,06_Melodic-Techno chords — A minor i-VI-III-VII
Progressions/By-Genre/06_Melodic-Techno/Asm_06_Melodic-Techno_i-VI-III-VII_chords.mid,progression,As,natural_minor,06_Melodic-Techno,124,8,20,06_Melodic-Techno chords — As minor i-VI-III-VII
Progressions/By-Genre/06_Melodic-Techno/Bm_06_Melodic-Techno_i-VI-III-VII_chords.mid,progression,B,natural_minor,06_Melodic-Techno,124,8,20,06_Melodic-Techno chords — B minor i-VI-III-VII
Progressions/By-Genre/06_Melodic-Techno/Cm_06_Melodic-Techno_i-VI-III-VII_chords.mid,progression,C,natural_minor,06_Melodic-Techno,124,8,20,06_Melodic-Techno chords — C minor i-VI-III-VII
Progressions/By-Genre/06_Melodic-Techno/Csm_06_Melodic-Techno_i-VI-III-VII_chords.mid,progression,Cs,natural_minor,06_Melodic-Techno,124,8,20,06_Melodic-Techno chords — Cs minor i-VI-III-VII
Progressions/By-Genre/06_Melodic-Techno/Dm_06_Melodic-Techno_i-VI-III-VII_chords.mid,progression,D,natural_minor,06_Melodic-Techno,124,8,20,06_Melodic-Techno chords — D minor i-VI-III-VII
Progressions/By-Genre/06_Melodic-Techno/Dsm_06_Melodic-Techno_i-VI-III-VII_chords.mid,progression,Ds,natural_minor,06_Melodic-Techno,124,8,20,06_Melodic-Techno chords — Ds minor i-VI-III-VII
Progressions/By-Genre/06_Melodic-Techno/Em_06_Melodic-Techno_i-VI-III-VII_chords.mid,progression,E,natural_minor,06_Melodic-Techno,124,8,20,06_Melodic-Techno chords — E minor i-VI-III-VII
Progressions/By-Genre/06_Melodic-Techno/Fm_06_Melodic-Techno_i-VI-III-VII_chords.mid,progression,F,natural_minor,06_Melodic-Techno,124,8,20,06_Melodic-Techno chords — F minor i-VI-III-VII
Progressions/By-Genre/06_Melodic-Techno/Fsm_06_Melodic-Techno_i-VI-III-VII_chords.mid,progression,Fs,natural_minor,06_Melodic-Techno,124,8,20,06_Melodic-Techno chords — Fs minor i-VI-III-VII
Progressions/By-Genre/06_Melodic-Techno/Gm_06_Melodic-Techno_i-VI-III-VII_chords.mid,progression,G,natural_minor,06_Melodic-Techno,124,8,20,06_Melodic-Techno chords — G minor i-VI-III-VII
Progressions/By-Genre/06_Melodic-Techno/Gsm_06_Melodic-Techno_i-VI-III-VII_chords.mid,progression,Gs,natural_minor,06_Melodic-Techno,124,8,20,06_Melodic-Techno chords — Gs minor i-VI-III-VII
Progressions/By-Genre/07_Trance/Am_07_Trance_i-VI-III-VII_chords.mid,progression,A,natural_minor,07_Trance,138,4,12,07_Trance chords — A minor i-VI-III-VII
Progressions/By-Genre/07_Trance/Asm_07_Trance_i-VI-III-VII_chords.mid,progression,As,natural_minor,07_Trance,138,4,12,07_Trance chords — As minor i-VI-III-VII
Progressions/By-Genre/07_Trance/Bm_07_Trance_i-VI-III-VII_chords.mid,progression,B,natural_minor,07_Trance,138,4,12,07_Trance chords — B minor i-VI-III-VII
Progressions/By-Genre/07_Trance/Cm_07_Trance_i-VI-III-VII_chords.mid,progression,C,natural_minor,07_Trance,138,4,12,07_Trance chords — C minor i-VI-III-VII
Progressions/By-Genre/07_Trance/Csm_07_Trance_i-VI-III-VII_chords.mid,progression,Cs,natural_minor,07_Trance,138,4,12,07_Trance chords — Cs minor i-VI-III-VII
Progressions/By-Genre/07_Trance/Dm_07_Trance_i-VI-III-VII_chords.mid,progression,D,natural_minor,07_Trance,138,4,12,07_Trance chords — D minor i-VI-III-VII
Progressions/By-Genre/07_Trance/Dsm_07_Trance_i-VI-III-VII_chords.mid,progression,Ds,natural_minor,07_Trance,138,4,12,07_Trance chords — Ds minor i-VI-III-VII
Progressions/By-Genre/07_Trance/Em_07_Trance_i-VI-III-VII_chords.mid,progression,E,natural_minor,07_Trance,138,4,12,07_Trance chords — E minor i-VI-III-VII
Progressions/By-Genre/07_Trance/Fm_07_Trance_i-VI-III-VII_chords.mid,progression,F,natural_minor,07_Trance,138,4,12,07_Trance chords — F minor i-VI-III-VII
Progressions/By-Genre/07_Trance/Fsm_07_Trance_i-VI-III-VII_chords.mid,progression,Fs,natural_minor,07_Trance,138,4,12,07_Trance chords — Fs minor i-VI-III-VII
Progressions/By-Genre/07_Trance/Gm_07_Trance_i-VI-III-VII_chords.mid,progression,G,natural_minor,07_Trance,138,4,12,07_Trance chords — G minor i-VI-III-VII
Progressions/By-Genre/07_Trance/Gsm_07_Trance_i-VI-III-VII_chords.mid,progression,Gs,natural_minor,07_Trance,138,4,12,07_Trance chords — Gs minor i-VI-III-VII
Progressions/By-Genre/08_Hardstyle/Am_08_Hardstyle_i-VII-VI-III_chords.mid,progression,A,natural_minor,08_Hardstyle,150,4,12,08_Hardstyle chords — A minor i-VII-VI-III
Progressions/By-Genre/08_Hardstyle/Asm_08_Hardstyle_i-VII-VI-III_chords.mid,progression,As,natural_minor,08_Hardstyle,150,4,12,08_Hardstyle chords — As minor i-VII-VI-III
Progressions/By-Genre/08_Hardstyle/Bm_08_Hardstyle_i-VII-VI-III_chords.mid,progression,B,natural_minor,08_Hardstyle,150,4,12,08_Hardstyle chords — B minor i-VII-VI-III
Progressions/By-Genre/08_Hardstyle/Cm_08_Hardstyle_i-VII-VI-III_chords.mid,progression,C,natural_minor,08_Hardstyle,150,4,12,08_Hardstyle chords — C minor i-VII-VI-III
Progressions/By-Genre/08_Hardstyle/Csm_08_Hardstyle_i-VII-VI-III_chords.mid,progression,Cs,natural_minor,08_Hardstyle,150,4,12,08_Hardstyle chords — Cs minor i-VII-VI-III
Progressions/By-Genre/08_Hardstyle/Dm_08_Hardstyle_i-VII-VI-III_chords.mid,progression,D,natural_minor,08_Hardstyle,150,4,12,08_Hardstyle chords — D minor i-VII-VI-III
Progressions/By-Genre/08_Hardstyle/Dsm_08_Hardstyle_i-VII-VI-III_chords.mid,progression,Ds,natural_minor,08_Hardstyle,150,4,12,08_Hardstyle chords — Ds minor i-VII-VI-III
Progressions/By-Genre/08_Hardstyle/Em_08_Hardstyle_i-VII-VI-III_chords.mid,progression,E,natural_minor,08_Hardstyle,150,4,12,08_Hardstyle chords — E minor i-VII-VI-III
Progressions/By-Genre/08_Hardstyle/Fm_08_Hardstyle_i-VII-VI-III_chords.mid,progression,F,natural_minor,08_Hardstyle,150,4,12,08_Hardstyle chords — F minor i-VII-VI-III
Progressions/By-Genre/08_Hardstyle/Fsm_08_Hardstyle_i-VII-VI-III_chords.mid,progression,Fs,natural_minor,08_Hardstyle,150,4,12,08_Hardstyle chords — Fs minor i-VII-VI-III
Progressions/By-Genre/08_Hardstyle/Gm_08_Hardstyle_i-VII-VI-III_chords.mid,progression,G,natural_minor,08_Hardstyle,150,4,12,08_Hardstyle chords — G minor i-VII-VI-III
Progressions/By-Genre/08_Hardstyle/Gsm_08_Hardstyle_i-VII-VI-III_chords.mid,progression,Gs,natural_minor,08_Hardstyle,150,4,12,08_Hardstyle chords — Gs minor i-VII-VI-III
Progressions/By-Genre/09_Hardcore-Gabber/Am_09_Hardcore-Gabber_i-VI-VII_chords.mid,progression,A,natural_minor,09_Hardcore-Gabber,180,3,9,09_Hardcore-Gabber chords — A minor i-VI-VII
Progressions/By-Genre/09_Hardcore-Gabber/Asm_09_Hardcore-Gabber_i-VI-VII_chords.mid,progression,As,natural_minor,09_Hardcore-Gabber,180,3,9,09_Hardcore-Gabber chords — As minor i-VI-VII
Progressions/By-Genre/09_Hardcore-Gabber/Bm_09_Hardcore-Gabber_i-VI-VII_chords.mid,progression,B,natural_minor,09_Hardcore-Gabber,180,3,9,09_Hardcore-Gabber chords — B minor i-VI-VII
Progressions/By-Genre/09_Hardcore-Gabber/Cm_09_Hardcore-Gabber_i-VI-VII_chords.mid,progression,C,natural_minor,09_Hardcore-Gabber,180,3,9,09_Hardcore-Gabber chords — C minor i-VI-VII
Progressions/By-Genre/09_Hardcore-Gabber/Csm_09_Hardcore-Gabber_i-VI-VII_chords.mid,progression,Cs,natural_minor,09_Hardcore-Gabber,180,3,9,09_Hardcore-Gabber chords — Cs minor i-VI-VII
Progressions/By-Genre/09_Hardcore-Gabber/Dm_09_Hardcore-Gabber_i-VI-VII_chords.mid,progression,D,natural_minor,09_Hardcore-Gabber,180,3,9,09_Hardcore-Gabber chords — D minor i-VI-VII
Progressions/By-Genre/09_Hardcore-Gabber/Dsm_09_Hardcore-Gabber_i-VI-VII_chords.mid,progression,Ds,natural_minor,09_Hardcore-Gabber,180,3,9,09_Hardcore-Gabber chords — Ds minor i-VI-VII
Progressions/By-Genre/09_Hardcore-Gabber/Em_09_Hardcore-Gabber_i-VI-VII_chords.mid,progression,E,natural_minor,09_Hardcore-Gabber,180,3,9,09_Hardcore-Gabber chords — E minor i-VI-VII
Progressions/By-Genre/09_Hardcore-Gabber/Fm_09_Hardcore-Gabber_i-VI-VII_chords.mid,progression,F,natural_minor,09_Hardcore-Gabber,180,3,9,09_Hardcore-Gabber chords — F minor i-VI-VII
Progressions/By-Genre/09_Hardcore-Gabber/Fsm_09_Hardcore-Gabber_i-VI-VII_chords.mid,progression,Fs,natural_minor,09_Hardcore-Gabber,180,3,9,09_Hardcore-Gabber chords — Fs minor i-VI-VII
Progressions/By-Genre/09_Hardcore-Gabber/Gm_09_Hardcore-Gabber_i-VI-VII_chords.mid,progression,G,natural_minor,09_Hardcore-Gabber,180,3,9,09_Hardcore-Gabber chords — G minor i-VI-VII
Progressions/By-Genre/09_Hardcore-Gabber/Gsm_09_Hardcore-Gabber_i-VI-VII_chords.mid,progression,Gs,natural_minor,09_Hardcore-Gabber,180,3,9,09_Hardcore-Gabber chords — Gs minor i-VI-VII
Progressions/By-Genre/10_Dubstep/Am_10_Dubstep_i-VI-VII_chords.mid,progression,A,natural_minor,10_Dubstep,140,3,9,10_Dubstep chords — A minor i-VI-VII
Progressions/By-Genre/10_Dubstep/Asm_10_Dubstep_i-VI-VII_chords.mid,progression,As,natural_minor,10_Dubstep,140,3,9,10_Dubstep chords — As minor i-VI-VII
Progressions/By-Genre/10_Dubstep/Bm_10_Dubstep_i-VI-VII_chords.mid,progression,B,natural_minor,10_Dubstep,140,3,9,10_Dubstep chords — B minor i-VI-VII
Progressions/By-Genre/10_Dubstep/Cm_10_Dubstep_i-VI-VII_chords.mid,progression,C,natural_minor,10_Dubstep,140,3,9,10_Dubstep chords — C minor i-VI-VII
Progressions/By-Genre/10_Dubstep/Csm_10_Dubstep_i-VI-VII_chords.mid,progression,Cs,natural_minor,10_Dubstep,140,3,9,10_Dubstep chords — Cs minor i-VI-VII
Progressions/By-Genre/10_Dubstep/Dm_10_Dubstep_i-VI-VII_chords.mid,progression,D,natural_minor,10_Dubstep,140,3,9,10_Dubstep chords — D minor i-VI-VII
Progressions/By-Genre/10_Dubstep/Dsm_10_Dubstep_i-VI-VII_chords.mid,progression,Ds,natural_minor,10_Dubstep,140,3,9,10_Dubstep chords — Ds minor i-VI-VII
Progressions/By-Genre/10_Dubstep/Em_10_Dubstep_i-VI-VII_chords.mid,progression,E,natural_minor,10_Dubstep,140,3,9,10_Dubstep chords — E minor i-VI-VII
Progressions/By-Genre/10_Dubstep/Fm_10_Dubstep_i-VI-VII_chords.mid,progression,F,natural_minor,10_Dubstep,140,3,9,10_Dubstep chords — F minor i-VI-VII
Progressions/By-Genre/10_Dubstep/Fsm_10_Dubstep_i-VI-VII_chords.mid,progression,Fs,natural_minor,10_Dubstep,140,3,9,10_Dubstep chords — Fs minor i-VI-VII
Progressions/By-Genre/10_Dubstep/Gm_10_Dubstep_i-VI-VII_chords.mid,progression,G,natural_minor,10_Dubstep,140,3,9,10_Dubstep chords — G minor i-VI-VII
Progressions/By-Genre/10_Dubstep/Gsm_10_Dubstep_i-VI-VII_chords.mid,progression,Gs,natural_minor,10_Dubstep,140,3,9,10_Dubstep chords — Gs minor i-VI-VII
Progressions/By-Genre/11_Future-Bass/Am_11_Future-Bass_i-VI-III-VII_chords.mid,progression,A,natural_minor,11_Future-Bass,150,4,20,11_Future-Bass chords — A minor i-VI-III-VII
Progressions/By-Genre/11_Future-Bass/Asm_11_Future-Bass_i-VI-III-VII_chords.mid,progression,As,natural_minor,11_Future-Bass,150,4,20,11_Future-Bass chords — As minor i-VI-III-VII
Progressions/By-Genre/11_Future-Bass/Bm_11_Future-Bass_i-VI-III-VII_chords.mid,progression,B,natural_minor,11_Future-Bass,150,4,20,11_Future-Bass chords — B minor i-VI-III-VII
Progressions/By-Genre/11_Future-Bass/Cm_11_Future-Bass_i-VI-III-VII_chords.mid,progression,C,natural_minor,11_Future-Bass,150,4,20,11_Future-Bass chords — C minor i-VI-III-VII
Progressions/By-Genre/11_Future-Bass/Csm_11_Future-Bass_i-VI-III-VII_chords.mid,progression,Cs,natural_minor,11_Future-Bass,150,4,20,11_Future-Bass chords — Cs minor i-VI-III-VII
Progressions/By-Genre/11_Future-Bass/Dm_11_Future-Bass_i-VI-III-VII_chords.mid,progression,D,natural_minor,11_Future-Bass,150,4,20,11_Future-Bass chords — D minor i-VI-III-VII
Progressions/By-Genre/11_Future-Bass/Dsm_11_Future-Bass_i-VI-III-VII_chords.mid,progression,Ds,natural_minor,11_Future-Bass,150,4,20,11_Future-Bass chords — Ds minor i-VI-III-VII
Progressions/By-Genre/11_Future-Bass/Em_11_Future-Bass_i-VI-III-VII_chords.mid,progression,E,natural_minor,11_Future-Bass,150,4,20,11_Future-Bass chords — E minor i-VI-III-VII
Progressions/By-Genre/11_Future-Bass/Fm_11_Future-Bass_i-VI-III-VII_chords.mid,progression,F,natural_minor,11_Future-Bass,150,4,20,11_Future-Bass chords — F minor i-VI-III-VII
Progressions/By-Genre/11_Future-Bass/Fsm_11_Future-Bass_i-VI-III-VII_chords.mid,progression,Fs,natural_minor,11_Future-Bass,150,4,20,11_Future-Bass chords — Fs minor i-VI-III-VII
Progressions/By-Genre/11_Future-Bass/Gm_11_Future-Bass_i-VI-III-VII_chords.mid,progression,G,natural_minor,11_Future-Bass,150,4,20,11_Future-Bass chords — G minor i-VI-III-VII
Progressions/By-Genre/11_Future-Bass/Gsm_11_Future-Bass_i-VI-III-VII_chords.mid,progression,Gs,natural_minor,11_Future-Bass,150,4,20,11_Future-Bass chords — Gs minor i-VI-III-VII
Progressions/By-Genre/12_Lofi-Chill/Am_12_Lofi-Chill_i-iv-VII-III_chords.mid,progression,A,natural_minor,12_Lofi-Chill,85,4,16,12_Lofi-Chill chords — A minor i-iv-VII-III
Progressions/By-Genre/12_Lofi-Chill/Asm_12_Lofi-Chill_i-iv-VII-III_chords.mid,progression,As,natural_minor,12_Lofi-Chill,85,4,16,12_Lofi-Chill chords — As minor i-iv-VII-III
Progressions/By-Genre/12_Lofi-Chill/Bm_12_Lofi-Chill_i-iv-VII-III_chords.mid,progression,B,natural_minor,12_Lofi-Chill,85,4,16,12_Lofi-Chill chords — B minor i-iv-VII-III
Progressions/By-Genre/12_Lofi-Chill/Cm_12_Lofi-Chill_i-iv-VII-III_chords.mid,progression,C,natural_minor,12_Lofi-Chill,85,4,16,12_Lofi-Chill chords — C minor i-iv-VII-III
Progressions/By-Genre/12_Lofi-Chill/Csm_12_Lofi-Chill_i-iv-VII-III_chords.mid,progression,Cs,natural_minor,12_Lofi-Chill,85,4,16,12_Lofi-Chill chords — Cs minor i-iv-VII-III
Progressions/By-Genre/12_Lofi-Chill/Dm_12_Lofi-Chill_i-iv-VII-III_chords.mid,progression,D,natural_minor,12_Lofi-Chill,85,4,16,12_Lofi-Chill chords — D minor i-iv-VII-III
Progressions/By-Genre/12_Lofi-Chill/Dsm_12_Lofi-Chill_i-iv-VII-III_chords.mid,progression,Ds,natural_minor,12_Lofi-Chill,85,4,16,12_Lofi-Chill chords — Ds minor i-iv-VII-III
Progressions/By-Genre/12_Lofi-Chill/Em_12_Lofi-Chill_i-iv-VII-III_chords.mid,progression,E,natural_minor,12_Lofi-Chill,85,4,16,12_Lofi-Chill chords — E minor i-iv-VII-III
Progressions/By-Genre/12_Lofi-Chill/Fm_12_Lofi-Chill_i-iv-VII-III_chords.mid,progression,F,natural_minor,12_Lofi-Chill,85,4,16,12_Lofi-Chill chords — F minor i-iv-VII-III
Progressions/By-Genre/12_Lofi-Chill/Fsm_12_Lofi-Chill_i-iv-VII-III_chords.mid,progression,Fs,natural_minor,12_Lofi-Chill,85,4,16,12_Lofi-Chill chords — Fs minor i-iv-VII-III
Progressions/By-Genre/12_Lofi-Chill/Gm_12_Lofi-Chill_i-iv-VII-III_chords.mid,progression,G,natural_minor,12_Lofi-Chill,85,4,16,12_Lofi-Chill chords — G minor i-iv-VII-III
Progressions/By-Genre/12_Lofi-Chill/Gsm_12_Lofi-Chill_i-iv-VII-III_chords.mid,progression,Gs,natural_minor,12_Lofi-Chill,85,4,16,12_Lofi-Chill chords — Gs minor i-iv-VII-III
Progressions/By-Scale/A-minor/Am_VI-VII-i_7th.mid,progression,A,natural_minor,,124,3,12,A minor VI-VII-i (7th)
Progressions/By-Scale/A-minor/Am_VI-VII-i_9th.mid,progression,A,natural_minor,,124,3,15,A minor VI-VII-i (9th)
Progressions/By-Scale/A-minor/Am_VI-VII-i_triads.mid,progression,A,natural_minor,,124,3,9,A minor VI-VII-i (triads)
Progressions/By-Scale/A-minor/Am_i-III-VII-VI_7th.mid,progression,A,natural_minor,,124,4,16,A minor i-III-VII-VI (7th)
Progressions/By-Scale/A-minor/Am_i-III-VII-VI_9th.mid,progression,A,natural_minor,,124,4,20,A minor i-III-VII-VI (9th)
Progressions/By-Scale/A-minor/Am_i-III-VII-VI_triads.mid,progression,A,natural_minor,,124,4,12,A minor i-III-VII-VI (triads)
Progressions/By-Scale/A-minor/Am_i-VI-III-VII-alt_7th.mid,progression,A,natural_minor,,124,4,16,A minor i-VI-III-VII-alt (7th)
Progressions/By-Scale/A-minor/Am_i-VI-III-VII-alt_9th.mid,progression,A,natural_minor,,124,4,20,A minor i-VI-III-VII-alt (9th)
Progressions/By-Scale/A-minor/Am_i-VI-III-VII-alt_triads.mid,progression,A,natural_minor,,124,4,12,A minor i-VI-III-VII-alt (triads)
Progressions/By-Scale/A-minor/Am_i-VI-III-VII_7th.mid,progression,A,natural_minor,,124,4,16,A minor i-VI-III-VII (7th)
Progressions/By-Scale/A-minor/Am_i-VI-III-VII_9th.mid,progression,A,natural_minor,,124,4,20,A minor i-VI-III-VII (9th)
Progressions/By-Scale/A-minor/Am_i-VI-III-VII_triads.mid,progression,A,natural_minor,,124,4,12,A minor i-VI-III-VII (triads)
Progressions/By-Scale/A-minor/Am_i-VI-VII_7th.mid,progression,A,natural_minor,,124,3,12,A minor i-VI-VII (7th)
Progressions/By-Scale/A-minor/Am_i-VI-VII_9th.mid,progression,A,natural_minor,,124,3,15,A minor i-VI-VII (9th)
Progressions/By-Scale/A-minor/Am_i-VI-VII_triads.mid,progression,A,natural_minor,,124,3,9,A minor i-VI-VII (triads)
Progressions/By-Scale/A-minor/Am_i-VI-iv-V_7th.mid,progression,A,natural_minor,,124,4,16,A minor i-VI-iv-V (7th)
Progressions/By-Scale/A-minor/Am_i-VI-iv-V_9th.mid,progression,A,natural_minor,,124,4,20,A minor i-VI-iv-V (9th)
Progressions/By-Scale/A-minor/Am_i-VI-iv-V_triads.mid,progression,A,natural_minor,,124,4,12,A minor i-VI-iv-V (triads)
Progressions/By-Scale/A-minor/Am_i-VII-III-VI_7th.mid,progression,A,natural_minor,,124,4,16,A minor i-VII-III-VI (7th)
Progressions/By-Scale/A-minor/Am_i-VII-III-VI_9th.mid,progression,A,natural_minor,,124,4,20,A minor i-VII-III-VI (9th)
Progressions/By-Scale/A-minor/Am_i-VII-III-VI_triads.mid,progression,A,natural_minor,,124,4,12,A minor i-VII-III-VI (triads)
Progressions/By-Scale/A-minor/Am_i-VII-VI-VII_7th.mid,progression,A,natural_minor,,124,4,16,A minor i-VII-VI-VII (7th)
Progressions/By-Scale/A-minor/Am_i-VII-VI-VII_9th.mid,progression,A,natural_minor,,124,4,20,A minor i-VII-VI-VII (9th)
Progressions/By-Scale/A-minor/Am_i-VII-VI-VII_triads.mid,progression,A,natural_minor,,124,4,12,A minor i-VII-VI-VII (triads)
Progressions/By-Scale/A-minor/Am_i-iv-VI-V_7th.mid,progression,A,natural_minor,,124,4,16,A minor i-iv-VI-V (7th)
Progressions/By-Scale/A-minor/Am_i-iv-VI-V_9th.mid,progression,A,natural_minor,,124,4,20,A minor i-iv-VI-V (9th)
Progressions/By-Scale/A-minor/Am_i-iv-VI-V_triads.mid,progression,A,natural_minor,,124,4,12,A minor i-iv-VI-V (triads)
Progressions/By-Scale/A-minor/Am_i-iv-VII-III_7th.mid,progression,A,natural_minor,,124,4,16,A minor i-iv-VII-III (7th)
Progressions/By-Scale/A-minor/Am_i-iv-VII-III_9th.mid,progression,A,natural_minor,,124,4,20,A minor i-iv-VII-III (9th)
Progressions/By-Scale/A-minor/Am_i-iv-VII-III_triads.mid,progression,A,natural_minor,,124,4,12,A minor i-iv-VII-III (triads)
Progressions/By-Scale/A-minor/Am_i-iv-v-i_7th.mid,progression,A,natural_minor,,124,4,16,A minor i-iv-v-i (7th)
Progressions/By-Scale/A-minor/Am_i-iv-v-i_9th.mid,progression,A,natural_minor,,124,4,20,A minor i-iv-v-i (9th)
Progressions/By-Scale/A-minor/Am_i-iv-v-i_triads.mid,progression,A,natural_minor,,124,4,12,A minor i-iv-v-i (triads)
Progressions/By-Scale/A-minor/Am_i-v-VI-IV_borrow_7th.mid,progression,A,natural_minor,,124,4,16,A minor i-v-VI-IV_borrow (7th)
Progressions/By-Scale/A-minor/Am_i-v-VI-IV_borrow_9th.mid,progression,A,natural_minor,,124,4,20,A minor i-v-VI-IV_borrow (9th)
Progressions/By-Scale/A-minor/Am_i-v-VI-IV_borrow_triads.mid,progression,A,natural_minor,,124,4,12,A minor i-v-VI-IV_borrow (triads)
Progressions/By-Scale/As-minor/Asm_VI-VII-i_7th.mid,progression,As,natural_minor,,124,3,12,As minor VI-VII-i (7th)
Progressions/By-Scale/As-minor/Asm_VI-VII-i_9th.mid,progression,As,natural_minor,,124,3,15,As minor VI-VII-i (9th)
Progressions/By-Scale/As-minor/Asm_VI-VII-i_triads.mid,progression,As,natural_minor,,124,3,9,As minor VI-VII-i (triads)
Progressions/By-Scale/As-minor/Asm_i-III-VII-VI_7th.mid,progression,As,natural_minor,,124,4,16,As minor i-III-VII-VI (7th)
Progressions/By-Scale/As-minor/Asm_i-III-VII-VI_9th.mid,progression,As,natural_minor,,124,4,20,As minor i-III-VII-VI (9th)
Progressions/By-Scale/As-minor/Asm_i-III-VII-VI_triads.mid,progression,As,natural_minor,,124,4,12,As minor i-III-VII-VI (triads)
Progressions/By-Scale/As-minor/Asm_i-VI-III-VII-alt_7th.mid,progression,As,natural_minor,,124,4,16,As minor i-VI-III-VII-alt (7th)
Progressions/By-Scale/As-minor/Asm_i-VI-III-VII-alt_9th.mid,progression,As,natural_minor,,124,4,20,As minor i-VI-III-VII-alt (9th)
Progressions/By-Scale/As-minor/Asm_i-VI-III-VII-alt_triads.mid,progression,As,natural_minor,,124,4,12,As minor i-VI-III-VII-alt (triads)
Progressions/By-Scale/As-minor/Asm_i-VI-III-VII_7th.mid,progression,As,natural_minor,,124,4,16,As minor i-VI-III-VII (7th)
Progressions/By-Scale/As-minor/Asm_i-VI-III-VII_9th.mid,progression,As,natural_minor,,124,4,20,As minor i-VI-III-VII (9th)
Progressions/By-Scale/As-minor/Asm_i-VI-III-VII_triads.mid,progression,As,natural_minor,,124,4,12,As minor i-VI-III-VII (triads)
Progressions/By-Scale/As-minor/Asm_i-VI-VII_7th.mid,progression,As,natural_minor,,124,3,12,As minor i-VI-VII (7th)
Progressions/By-Scale/As-minor/Asm_i-VI-VII_9th.mid,progression,As,natural_minor,,124,3,15,As minor i-VI-VII (9th)
Progressions/By-Scale/As-minor/Asm_i-VI-VII_triads.mid,progression,As,natural_minor,,124,3,9,As minor i-VI-VII (triads)
Progressions/By-Scale/As-minor/Asm_i-VI-iv-V_7th.mid,progression,As,natural_minor,,124,4,16,As minor i-VI-iv-V (7th)
Progressions/By-Scale/As-minor/Asm_i-VI-iv-V_9th.mid,progression,As,natural_minor,,124,4,20,As minor i-VI-iv-V (9th)
Progressions/By-Scale/As-minor/Asm_i-VI-iv-V_triads.mid,progression,As,natural_minor,,124,4,12,As minor i-VI-iv-V (triads)
Progressions/By-Scale/As-minor/Asm_i-VII-III-VI_7th.mid,progression,As,natural_minor,,124,4,16,As minor i-VII-III-VI (7th)
Progressions/By-Scale/As-minor/Asm_i-VII-III-VI_9th.mid,progression,As,natural_minor,,124,4,20,As minor i-VII-III-VI (9th)
Progressions/By-Scale/As-minor/Asm_i-VII-III-VI_triads.mid,progression,As,natural_minor,,124,4,12,As minor i-VII-III-VI (triads)
Progressions/By-Scale/As-minor/Asm_i-VII-VI-VII_7th.mid,progression,As,natural_minor,,124,4,16,As minor i-VII-VI-VII (7th)
Progressions/By-Scale/As-minor/Asm_i-VII-VI-VII_9th.mid,progression,As,natural_minor,,124,4,20,As minor i-VII-VI-VII (9th)
Progressions/By-Scale/As-minor/Asm_i-VII-VI-VII_triads.mid,progression,As,natural_minor,,124,4,12,As minor i-VII-VI-VII (triads)
Progressions/By-Scale/As-minor/Asm_i-iv-VI-V_7th.mid,progression,As,natural_minor,,124,4,16,As minor i-iv-VI-V (7th)
Progressions/By-Scale/As-minor/Asm_i-iv-VI-V_9th.mid,progression,As,natural_minor,,124,4,20,As minor i-iv-VI-V (9th)
Progressions/By-Scale/As-minor/Asm_i-iv-VI-V_triads.mid,progression,As,natural_minor,,124,4,12,As minor i-iv-VI-V (triads)
Progressions/By-Scale/As-minor/Asm_i-iv-VII-III_7th.mid,progression,As,natural_minor,,124,4,16,As minor i-iv-VII-III (7th)
Progressions/By-Scale/As-minor/Asm_i-iv-VII-III_9th.mid,progression,As,natural_minor,,124,4,20,As minor i-iv-VII-III (9th)
Progressions/By-Scale/As-minor/Asm_i-iv-VII-III_triads.mid,progression,As,natural_minor,,124,4,12,As minor i-iv-VII-III (triads)
Progressions/By-Scale/As-minor/Asm_i-iv-v-i_7th.mid,progression,As,natural_minor,,124,4,16,As minor i-iv-v-i (7th)
Progressions/By-Scale/As-minor/Asm_i-iv-v-i_9th.mid,progression,As,natural_minor,,124,4,20,As minor i-iv-v-i (9th)
Progressions/By-Scale/As-minor/Asm_i-iv-v-i_triads.mid,progression,As,natural_minor,,124,4,12,As minor i-iv-v-i (triads)
Progressions/By-Scale/As-minor/Asm_i-v-VI-IV_borrow_7th.mid,progression,As,natural_minor,,124,4,16,As minor i-v-VI-IV_borrow (7th)
Progressions/By-Scale/As-minor/Asm_i-v-VI-IV_borrow_9th.mid,progression,As,natural_minor,,124,4,20,As minor i-v-VI-IV_borrow (9th)
Progressions/By-Scale/As-minor/Asm_i-v-VI-IV_borrow_triads.mid,progression,As,natural_minor,,124,4,12,As minor i-v-VI-IV_borrow (triads)
Progressions/By-Scale/B-minor/Bm_VI-VII-i_7th.mid,progression,B,natural_minor,,124,3,12,B minor VI-VII-i (7th)
Progressions/By-Scale/B-minor/Bm_VI-VII-i_9th.mid,progression,B,natural_minor,,124,3,15,B minor VI-VII-i (9th)
Progressions/By-Scale/B-minor/Bm_VI-VII-i_triads.mid,progression,B,natural_minor,,124,3,9,B minor VI-VII-i (triads)
Progressions/By-Scale/B-minor/Bm_i-III-VII-VI_7th.mid,progression,B,natural_minor,,124,4,16,B minor i-III-VII-VI (7th)
Progressions/By-Scale/B-minor/Bm_i-III-VII-VI_9th.mid,progression,B,natural_minor,,124,4,20,B minor i-III-VII-VI (9th)
Progressions/By-Scale/B-minor/Bm_i-III-VII-VI_triads.mid,progression,B,natural_minor,,124,4,12,B minor i-III-VII-VI (triads)
Progressions/By-Scale/B-minor/Bm_i-VI-III-VII-alt_7th.mid,progression,B,natural_minor,,124,4,16,B minor i-VI-III-VII-alt (7th)
Progressions/By-Scale/B-minor/Bm_i-VI-III-VII-alt_9th.mid,progression,B,natural_minor,,124,4,20,B minor i-VI-III-VII-alt (9th)
Progressions/By-Scale/B-minor/Bm_i-VI-III-VII-alt_triads.mid,progression,B,natural_minor,,124,4,12,B minor i-VI-III-VII-alt (triads)
Progressions/By-Scale/B-minor/Bm_i-VI-III-VII_7th.mid,progression,B,natural_minor,,124,4,16,B minor i-VI-III-VII (7th)
Progressions/By-Scale/B-minor/Bm_i-VI-III-VII_9th.mid,progression,B,natural_minor,,124,4,20,B minor i-VI-III-VII (9th)
Progressions/By-Scale/B-minor/Bm_i-VI-III-VII_triads.mid,progression,B,natural_minor,,124,4,12,B minor i-VI-III-VII (triads)
Progressions/By-Scale/B-minor/Bm_i-VI-VII_7th.mid,progression,B,natural_minor,,124,3,12,B minor i-VI-VII (7th)
Progressions/By-Scale/B-minor/Bm_i-VI-VII_9th.mid,progression,B,natural_minor,,124,3,15,B minor i-VI-VII (9th)
Progressions/By-Scale/B-minor/Bm_i-VI-VII_triads.mid,progression,B,natural_minor,,124,3,9,B minor i-VI-VII (triads)
Progressions/By-Scale/B-minor/Bm_i-VI-iv-V_7th.mid,progression,B,natural_minor,,124,4,16,B minor i-VI-iv-V (7th)
Progressions/By-Scale/B-minor/Bm_i-VI-iv-V_9th.mid,progression,B,natural_minor,,124,4,20,B minor i-VI-iv-V (9th)
Progressions/By-Scale/B-minor/Bm_i-VI-iv-V_triads.mid,progression,B,natural_minor,,124,4,12,B minor i-VI-iv-V (triads)
Progressions/By-Scale/B-minor/Bm_i-VII-III-VI_7th.mid,progression,B,natural_minor,,124,4,16,B minor i-VII-III-VI (7th)
Progressions/By-Scale/B-minor/Bm_i-VII-III-VI_9th.mid,progression,B,natural_minor,,124,4,20,B minor i-VII-III-VI (9th)
Progressions/By-Scale/B-minor/Bm_i-VII-III-VI_triads.mid,progression,B,natural_minor,,124,4,12,B minor i-VII-III-VI (triads)
Progressions/By-Scale/B-minor/Bm_i-VII-VI-VII_7th.mid,progression,B,natural_minor,,124,4,16,B minor i-VII-VI-VII (7th)
Progressions/By-Scale/B-minor/Bm_i-VII-VI-VII_9th.mid,progression,B,natural_minor,,124,4,20,B minor i-VII-VI-VII (9th)
Progressions/By-Scale/B-minor/Bm_i-VII-VI-VII_triads.mid,progression,B,natural_minor,,124,4,12,B minor i-VII-VI-VII (triads)
Progressions/By-Scale/B-minor/Bm_i-iv-VI-V_7th.mid,progression,B,natural_minor,,124,4,16,B minor i-iv-VI-V (7th)
Progressions/By-Scale/B-minor/Bm_i-iv-VI-V_9th.mid,progression,B,natural_minor,,124,4,20,B minor i-iv-VI-V (9th)
Progressions/By-Scale/B-minor/Bm_i-iv-VI-V_triads.mid,progression,B,natural_minor,,124,4,12,B minor i-iv-VI-V (triads)
Progressions/By-Scale/B-minor/Bm_i-iv-VII-III_7th.mid,progression,B,natural_minor,,124,4,16,B minor i-iv-VII-III (7th)
Progressions/By-Scale/B-minor/Bm_i-iv-VII-III_9th.mid,progression,B,natural_minor,,124,4,20,B minor i-iv-VII-III (9th)
Progressions/By-Scale/B-minor/Bm_i-iv-VII-III_triads.mid,progression,B,natural_minor,,124,4,12,B minor i-iv-VII-III (triads)
Progressions/By-Scale/B-minor/Bm_i-iv-v-i_7th.mid,progression,B,natural_minor,,124,4,16,B minor i-iv-v-i (7th)
Progressions/By-Scale/B-minor/Bm_i-iv-v-i_9th.mid,progression,B,natural_minor,,124,4,20,B minor i-iv-v-i (9th)
Progressions/By-Scale/B-minor/Bm_i-iv-v-i_triads.mid,progression,B,natural_minor,,124,4,12,B minor i-iv-v-i (triads)
Progressions/By-Scale/B-minor/Bm_i-v-VI-IV_borrow_7th.mid,progression,B,natural_minor,,124,4,16,B minor i-v-VI-IV_borrow (7th)
Progressions/By-Scale/B-minor/Bm_i-v-VI-IV_borrow_9th.mid,progression,B,natural_minor,,124,4,20,B minor i-v-VI-IV_borrow (9th)
Progressions/By-Scale/B-minor/Bm_i-v-VI-IV_borrow_triads.mid,progression,B,natural_minor,,124,4,12,B minor i-v-VI-IV_borrow (triads)
Progressions/By-Scale/C-minor/Cm_VI-VII-i_7th.mid,progression,C,natural_minor,,124,3,12,C minor VI-VII-i (7th)
Progressions/By-Scale/C-minor/Cm_VI-VII-i_9th.mid,progression,C,natural_minor,,124,3,15,C minor VI-VII-i (9th)
Progressions/By-Scale/C-minor/Cm_VI-VII-i_triads.mid,progression,C,natural_minor,,124,3,9,C minor VI-VII-i (triads)
Progressions/By-Scale/C-minor/Cm_i-III-VII-VI_7th.mid,progression,C,natural_minor,,124,4,16,C minor i-III-VII-VI (7th)
Progressions/By-Scale/C-minor/Cm_i-III-VII-VI_9th.mid,progression,C,natural_minor,,124,4,20,C minor i-III-VII-VI (9th)
Progressions/By-Scale/C-minor/Cm_i-III-VII-VI_triads.mid,progression,C,natural_minor,,124,4,12,C minor i-III-VII-VI (triads)
Progressions/By-Scale/C-minor/Cm_i-VI-III-VII-alt_7th.mid,progression,C,natural_minor,,124,4,16,C minor i-VI-III-VII-alt (7th)
Progressions/By-Scale/C-minor/Cm_i-VI-III-VII-alt_9th.mid,progression,C,natural_minor,,124,4,20,C minor i-VI-III-VII-alt (9th)
Progressions/By-Scale/C-minor/Cm_i-VI-III-VII-alt_triads.mid,progression,C,natural_minor,,124,4,12,C minor i-VI-III-VII-alt (triads)
Progressions/By-Scale/C-minor/Cm_i-VI-III-VII_7th.mid,progression,C,natural_minor,,124,4,16,C minor i-VI-III-VII (7th)
Progressions/By-Scale/C-minor/Cm_i-VI-III-VII_9th.mid,progression,C,natural_minor,,124,4,20,C minor i-VI-III-VII (9th)
Progressions/By-Scale/C-minor/Cm_i-VI-III-VII_triads.mid,progression,C,natural_minor,,124,4,12,C minor i-VI-III-VII (triads)
Progressions/By-Scale/C-minor/Cm_i-VI-VII_7th.mid,progression,C,natural_minor,,124,3,12,C minor i-VI-VII (7th)
Progressions/By-Scale/C-minor/Cm_i-VI-VII_9th.mid,progression,C,natural_minor,,124,3,15,C minor i-VI-VII (9th)
Progressions/By-Scale/C-minor/Cm_i-VI-VII_triads.mid,progression,C,natural_minor,,124,3,9,C minor i-VI-VII (triads)
Progressions/By-Scale/C-minor/Cm_i-VI-iv-V_7th.mid,progression,C,natural_minor,,124,4,16,C minor i-VI-iv-V (7th)
Progressions/By-Scale/C-minor/Cm_i-VI-iv-V_9th.mid,progression,C,natural_minor,,124,4,20,C minor i-VI-iv-V (9th)
Progressions/By-Scale/C-minor/Cm_i-VI-iv-V_triads.mid,progression,C,natural_minor,,124,4,12,C minor i-VI-iv-V (triads)
Progressions/By-Scale/C-minor/Cm_i-VII-III-VI_7th.mid,progression,C,natural_minor,,124,4,16,C minor i-VII-III-VI (7th)
Progressions/By-Scale/C-minor/Cm_i-VII-III-VI_9th.mid,progression,C,natural_minor,,124,4,20,C minor i-VII-III-VI (9th)
Progressions/By-Scale/C-minor/Cm_i-VII-III-VI_triads.mid,progression,C,natural_minor,,124,4,12,C minor i-VII-III-VI (triads)
Progressions/By-Scale/C-minor/Cm_i-VII-VI-VII_7th.mid,progression,C,natural_minor,,124,4,16,C minor i-VII-VI-VII (7th)
Progressions/By-Scale/C-minor/Cm_i-VII-VI-VII_9th.mid,progression,C,natural_minor,,124,4,20,C minor i-VII-VI-VII (9th)
Progressions/By-Scale/C-minor/Cm_i-VII-VI-VII_triads.mid,progression,C,natural_minor,,124,4,12,C minor i-VII-VI-VII (triads)
Progressions/By-Scale/C-minor/Cm_i-iv-VI-V_7th.mid,progression,C,natural_minor,,124,4,16,C minor i-iv-VI-V (7th)
Progressions/By-Scale/C-minor/Cm_i-iv-VI-V_9th.mid,progression,C,natural_minor,,124,4,20,C minor i-iv-VI-V (9th)
Progressions/By-Scale/C-minor/Cm_i-iv-VI-V_triads.mid,progression,C,natural_minor,,124,4,12,C minor i-iv-VI-V (triads)
Progressions/By-Scale/C-minor/Cm_i-iv-VII-III_7th.mid,progression,C,natural_minor,,124,4,16,C minor i-iv-VII-III (7th)
Progressions/By-Scale/C-minor/Cm_i-iv-VII-III_9th.mid,progression,C,natural_minor,,124,4,20,C minor i-iv-VII-III (9th)
Progressions/By-Scale/C-minor/Cm_i-iv-VII-III_triads.mid,progression,C,natural_minor,,124,4,12,C minor i-iv-VII-III (triads)
Progressions/By-Scale/C-minor/Cm_i-iv-v-i_7th.mid,progression,C,natural_minor,,124,4,16,C minor i-iv-v-i (7th)
Progressions/By-Scale/C-minor/Cm_i-iv-v-i_9th.mid,progression,C,natural_minor,,124,4,20,C minor i-iv-v-i (9th)
Progressions/By-Scale/C-minor/Cm_i-iv-v-i_triads.mid,progression,C,natural_minor,,124,4,12,C minor i-iv-v-i (triads)
Progressions/By-Scale/C-minor/Cm_i-v-VI-IV_borrow_7th.mid,progression,C,natural_minor,,124,4,16,C minor i-v-VI-IV_borrow (7th)
Progressions/By-Scale/C-minor/Cm_i-v-VI-IV_borrow_9th.mid,progression,C,natural_minor,,124,4,20,C minor i-v-VI-IV_borrow (9th)
Progressions/By-Scale/C-minor/Cm_i-v-VI-IV_borrow_triads.mid,progression,C,natural_minor,,124,4,12,C minor i-v-VI-IV_borrow (triads)
Progressions/By-Scale/Cs-minor/Csm_VI-VII-i_7th.mid,progression,Cs,natural_minor,,124,3,12,Cs minor VI-VII-i (7th)
Progressions/By-Scale/Cs-minor/Csm_VI-VII-i_9th.mid,progression,Cs,natural_minor,,124,3,15,Cs minor VI-VII-i (9th)
Progressions/By-Scale/Cs-minor/Csm_VI-VII-i_triads.mid,progression,Cs,natural_minor,,124,3,9,Cs minor VI-VII-i (triads)
Progressions/By-Scale/Cs-minor/Csm_i-III-VII-VI_7th.mid,progression,Cs,natural_minor,,124,4,16,Cs minor i-III-VII-VI (7th)
Progressions/By-Scale/Cs-minor/Csm_i-III-VII-VI_9th.mid,progression,Cs,natural_minor,,124,4,20,Cs minor i-III-VII-VI (9th)
Progressions/By-Scale/Cs-minor/Csm_i-III-VII-VI_triads.mid,progression,Cs,natural_minor,,124,4,12,Cs minor i-III-VII-VI (triads)
Progressions/By-Scale/Cs-minor/Csm_i-VI-III-VII-alt_7th.mid,progression,Cs,natural_minor,,124,4,16,Cs minor i-VI-III-VII-alt (7th)
Progressions/By-Scale/Cs-minor/Csm_i-VI-III-VII-alt_9th.mid,progression,Cs,natural_minor,,124,4,20,Cs minor i-VI-III-VII-alt (9th)
Progressions/By-Scale/Cs-minor/Csm_i-VI-III-VII-alt_triads.mid,progression,Cs,natural_minor,,124,4,12,Cs minor i-VI-III-VII-alt (triads)
Progressions/By-Scale/Cs-minor/Csm_i-VI-III-VII_7th.mid,progression,Cs,natural_minor,,124,4,16,Cs minor i-VI-III-VII (7th)
Progressions/By-Scale/Cs-minor/Csm_i-VI-III-VII_9th.mid,progression,Cs,natural_minor,,124,4,20,Cs minor i-VI-III-VII (9th)
Progressions/By-Scale/Cs-minor/Csm_i-VI-III-VII_triads.mid,progression,Cs,natural_minor,,124,4,12,Cs minor i-VI-III-VII (triads)
Progressions/By-Scale/Cs-minor/Csm_i-VI-VII_7th.mid,progression,Cs,natural_minor,,124,3,12,Cs minor i-VI-VII (7th)
Progressions/By-Scale/Cs-minor/Csm_i-VI-VII_9th.mid,progression,Cs,natural_minor,,124,3,15,Cs minor i-VI-VII (9th)
Progressions/By-Scale/Cs-minor/Csm_i-VI-VII_triads.mid,progression,Cs,natural_minor,,124,3,9,Cs minor i-VI-VII (triads)
Progressions/By-Scale/Cs-minor/Csm_i-VI-iv-V_7th.mid,progression,Cs,natural_minor,,124,4,16,Cs minor i-VI-iv-V (7th)
Progressions/By-Scale/Cs-minor/Csm_i-VI-iv-V_9th.mid,progression,Cs,natural_minor,,124,4,20,Cs minor i-VI-iv-V (9th)
Progressions/By-Scale/Cs-minor/Csm_i-VI-iv-V_triads.mid,progression,Cs,natural_minor,,124,4,12,Cs minor i-VI-iv-V (triads)
Progressions/By-Scale/Cs-minor/Csm_i-VII-III-VI_7th.mid,progression,Cs,natural_minor,,124,4,16,Cs minor i-VII-III-VI (7th)
Progressions/By-Scale/Cs-minor/Csm_i-VII-III-VI_9th.mid,progression,Cs,natural_minor,,124,4,20,Cs minor i-VII-III-VI (9th)
Progressions/By-Scale/Cs-minor/Csm_i-VII-III-VI_triads.mid,progression,Cs,natural_minor,,124,4,12,Cs minor i-VII-III-VI (triads)
Progressions/By-Scale/Cs-minor/Csm_i-VII-VI-VII_7th.mid,progression,Cs,natural_minor,,124,4,16,Cs minor i-VII-VI-VII (7th)
Progressions/By-Scale/Cs-minor/Csm_i-VII-VI-VII_9th.mid,progression,Cs,natural_minor,,124,4,20,Cs minor i-VII-VI-VII (9th)
Progressions/By-Scale/Cs-minor/Csm_i-VII-VI-VII_triads.mid,progression,Cs,natural_minor,,124,4,12,Cs minor i-VII-VI-VII (triads)
Progressions/By-Scale/Cs-minor/Csm_i-iv-VI-V_7th.mid,progression,Cs,natural_minor,,124,4,16,Cs minor i-iv-VI-V (7th)
Progressions/By-Scale/Cs-minor/Csm_i-iv-VI-V_9th.mid,progression,Cs,natural_minor,,124,4,20,Cs minor i-iv-VI-V (9th)
Progressions/By-Scale/Cs-minor/Csm_i-iv-VI-V_triads.mid,progression,Cs,natural_minor,,124,4,12,Cs minor i-iv-VI-V (triads)
Progressions/By-Scale/Cs-minor/Csm_i-iv-VII-III_7th.mid,progression,Cs,natural_minor,,124,4,16,Cs minor i-iv-VII-III (7th)
Progressions/By-Scale/Cs-minor/Csm_i-iv-VII-III_9th.mid,progression,Cs,natural_minor,,124,4,20,Cs minor i-iv-VII-III (9th)
Progressions/By-Scale/Cs-minor/Csm_i-iv-VII-III_triads.mid,progression,Cs,natural_minor,,124,4,12,Cs minor i-iv-VII-III (triads)
Progressions/By-Scale/Cs-minor/Csm_i-iv-v-i_7th.mid,progression,Cs,natural_minor,,124,4,16,Cs minor i-iv-v-i (7th)
Progressions/By-Scale/Cs-minor/Csm_i-iv-v-i_9th.mid,progression,Cs,natural_minor,,124,4,20,Cs minor i-iv-v-i (9th)
Progressions/By-Scale/Cs-minor/Csm_i-iv-v-i_triads.mid,progression,Cs,natural_minor,,124,4,12,Cs minor i-iv-v-i (triads)
Progressions/By-Scale/Cs-minor/Csm_i-v-VI-IV_borrow_7th.mid,progression,Cs,natural_minor,,124,4,16,Cs minor i-v-VI-IV_borrow (7th)
Progressions/By-Scale/Cs-minor/Csm_i-v-VI-IV_borrow_9th.mid,progression,Cs,natural_minor,,124,4,20,Cs minor i-v-VI-IV_borrow (9th)
Progressions/By-Scale/Cs-minor/Csm_i-v-VI-IV_borrow_triads.mid,progression,Cs,natural_minor,,124,4,12,Cs minor i-v-VI-IV_borrow (triads)
Progressions/By-Scale/D-minor/Dm_VI-VII-i_7th.mid,progression,D,natural_minor,,124,3,12,D minor VI-VII-i (7th)
Progressions/By-Scale/D-minor/Dm_VI-VII-i_9th.mid,progression,D,natural_minor,,124,3,15,D minor VI-VII-i (9th)
Progressions/By-Scale/D-minor/Dm_VI-VII-i_triads.mid,progression,D,natural_minor,,124,3,9,D minor VI-VII-i (triads)
Progressions/By-Scale/D-minor/Dm_i-III-VII-VI_7th.mid,progression,D,natural_minor,,124,4,16,D minor i-III-VII-VI (7th)
Progressions/By-Scale/D-minor/Dm_i-III-VII-VI_9th.mid,progression,D,natural_minor,,124,4,20,D minor i-III-VII-VI (9th)
Progressions/By-Scale/D-minor/Dm_i-III-VII-VI_triads.mid,progression,D,natural_minor,,124,4,12,D minor i-III-VII-VI (triads)
Progressions/By-Scale/D-minor/Dm_i-VI-III-VII-alt_7th.mid,progression,D,natural_minor,,124,4,16,D minor i-VI-III-VII-alt (7th)
Progressions/By-Scale/D-minor/Dm_i-VI-III-VII-alt_9th.mid,progression,D,natural_minor,,124,4,20,D minor i-VI-III-VII-alt (9th)
Progressions/By-Scale/D-minor/Dm_i-VI-III-VII-alt_triads.mid,progression,D,natural_minor,,124,4,12,D minor i-VI-III-VII-alt (triads)
Progressions/By-Scale/D-minor/Dm_i-VI-III-VII_7th.mid,progression,D,natural_minor,,124,4,16,D minor i-VI-III-VII (7th)
Progressions/By-Scale/D-minor/Dm_i-VI-III-VII_9th.mid,progression,D,natural_minor,,124,4,20,D minor i-VI-III-VII (9th)
Progressions/By-Scale/D-minor/Dm_i-VI-III-VII_triads.mid,progression,D,natural_minor,,124,4,12,D minor i-VI-III-VII (triads)
Progressions/By-Scale/D-minor/Dm_i-VI-VII_7th.mid,progression,D,natural_minor,,124,3,12,D minor i-VI-VII (7th)
Progressions/By-Scale/D-minor/Dm_i-VI-VII_9th.mid,progression,D,natural_minor,,124,3,15,D minor i-VI-VII (9th)
Progressions/By-Scale/D-minor/Dm_i-VI-VII_triads.mid,progression,D,natural_minor,,124,3,9,D minor i-VI-VII (triads)
Progressions/By-Scale/D-minor/Dm_i-VI-iv-V_7th.mid,progression,D,natural_minor,,124,4,16,D minor i-VI-iv-V (7th)
Progressions/By-Scale/D-minor/Dm_i-VI-iv-V_9th.mid,progression,D,natural_minor,,124,4,20,D minor i-VI-iv-V (9th)
Progressions/By-Scale/D-minor/Dm_i-VI-iv-V_triads.mid,progression,D,natural_minor,,124,4,12,D minor i-VI-iv-V (triads)
Progressions/By-Scale/D-minor/Dm_i-VII-III-VI_7th.mid,progression,D,natural_minor,,124,4,16,D minor i-VII-III-VI (7th)
Progressions/By-Scale/D-minor/Dm_i-VII-III-VI_9th.mid,progression,D,natural_minor,,124,4,20,D minor i-VII-III-VI (9th)
Progressions/By-Scale/D-minor/Dm_i-VII-III-VI_triads.mid,progression,D,natural_minor,,124,4,12,D minor i-VII-III-VI (triads)
Progressions/By-Scale/D-minor/Dm_i-VII-VI-VII_7th.mid,progression,D,natural_minor,,124,4,16,D minor i-VII-VI-VII (7th)
Progressions/By-Scale/D-minor/Dm_i-VII-VI-VII_9th.mid,progression,D,natural_minor,,124,4,20,D minor i-VII-VI-VII (9th)
Progressions/By-Scale/D-minor/Dm_i-VII-VI-VII_triads.mid,progression,D,natural_minor,,124,4,12,D minor i-VII-VI-VII (triads)
Progressions/By-Scale/D-minor/Dm_i-iv-VI-V_7th.mid,progression,D,natural_minor,,124,4,16,D minor i-iv-VI-V (7th)
Progressions/By-Scale/D-minor/Dm_i-iv-VI-V_9th.mid,progression,D,natural_minor,,124,4,20,D minor i-iv-VI-V (9th)
Progressions/By-Scale/D-minor/Dm_i-iv-VI-V_triads.mid,progression,D,natural_minor,,124,4,12,D minor i-iv-VI-V (triads)
Progressions/By-Scale/D-minor/Dm_i-iv-VII-III_7th.mid,progression,D,natural_minor,,124,4,16,D minor i-iv-VII-III (7th)
Progressions/By-Scale/D-minor/Dm_i-iv-VII-III_9th.mid,progression,D,natural_minor,,124,4,20,D minor i-iv-VII-III (9th)
Progressions/By-Scale/D-minor/Dm_i-iv-VII-III_triads.mid,progression,D,natural_minor,,124,4,12,D minor i-iv-VII-III (triads)
Progressions/By-Scale/D-minor/Dm_i-iv-v-i_7th.mid,progression,D,natural_minor,,124,4,16,D minor i-iv-v-i (7th)
Progressions/By-Scale/D-minor/Dm_i-iv-v-i_9th.mid,progression,D,natural_minor,,124,4,20,D minor i-iv-v-i (9th)
Progressions/By-Scale/D-minor/Dm_i-iv-v-i_triads.mid,progression,D,natural_minor,,124,4,12,D minor i-iv-v-i (triads)
Progressions/By-Scale/D-minor/Dm_i-v-VI-IV_borrow_7th.mid,progression,D,natural_minor,,124,4,16,D minor i-v-VI-IV_borrow (7th)
Progressions/By-Scale/D-minor/Dm_i-v-VI-IV_borrow_9th.mid,progression,D,natural_minor,,124,4,20,D minor i-v-VI-IV_borrow (9th)
Progressions/By-Scale/D-minor/Dm_i-v-VI-IV_borrow_triads.mid,progression,D,natural_minor,,124,4,12,D minor i-v-VI-IV_borrow (triads)
Progressions/By-Scale/Ds-minor/Dsm_VI-VII-i_7th.mid,progression,Ds,natural_minor,,124,3,12,Ds minor VI-VII-i (7th)
Progressions/By-Scale/Ds-minor/Dsm_VI-VII-i_9th.mid,progression,Ds,natural_minor,,124,3,15,Ds minor VI-VII-i (9th)
Progressions/By-Scale/Ds-minor/Dsm_VI-VII-i_triads.mid,progression,Ds,natural_minor,,124,3,9,Ds minor VI-VII-i (triads)
Progressions/By-Scale/Ds-minor/Dsm_i-III-VII-VI_7th.mid,progression,Ds,natural_minor,,124,4,16,Ds minor i-III-VII-VI (7th)
Progressions/By-Scale/Ds-minor/Dsm_i-III-VII-VI_9th.mid,progression,Ds,natural_minor,,124,4,20,Ds minor i-III-VII-VI (9th)
Progressions/By-Scale/Ds-minor/Dsm_i-III-VII-VI_triads.mid,progression,Ds,natural_minor,,124,4,12,Ds minor i-III-VII-VI (triads)
Progressions/By-Scale/Ds-minor/Dsm_i-VI-III-VII-alt_7th.mid,progression,Ds,natural_minor,,124,4,16,Ds minor i-VI-III-VII-alt (7th)
Progressions/By-Scale/Ds-minor/Dsm_i-VI-III-VII-alt_9th.mid,progression,Ds,natural_minor,,124,4,20,Ds minor i-VI-III-VII-alt (9th)
Progressions/By-Scale/Ds-minor/Dsm_i-VI-III-VII-alt_triads.mid,progression,Ds,natural_minor,,124,4,12,Ds minor i-VI-III-VII-alt (triads)
Progressions/By-Scale/Ds-minor/Dsm_i-VI-III-VII_7th.mid,progression,Ds,natural_minor,,124,4,16,Ds minor i-VI-III-VII (7th)
Progressions/By-Scale/Ds-minor/Dsm_i-VI-III-VII_9th.mid,progression,Ds,natural_minor,,124,4,20,Ds minor i-VI-III-VII (9th)
Progressions/By-Scale/Ds-minor/Dsm_i-VI-III-VII_triads.mid,progression,Ds,natural_minor,,124,4,12,Ds minor i-VI-III-VII (triads)
Progressions/By-Scale/Ds-minor/Dsm_i-VI-VII_7th.mid,progression,Ds,natural_minor,,124,3,12,Ds minor i-VI-VII (7th)
Progressions/By-Scale/Ds-minor/Dsm_i-VI-VII_9th.mid,progression,Ds,natural_minor,,124,3,15,Ds minor i-VI-VII (9th)
Progressions/By-Scale/Ds-minor/Dsm_i-VI-VII_triads.mid,progression,Ds,natural_minor,,124,3,9,Ds minor i-VI-VII (triads)
Progressions/By-Scale/Ds-minor/Dsm_i-VI-iv-V_7th.mid,progression,Ds,natural_minor,,124,4,16,Ds minor i-VI-iv-V (7th)
Progressions/By-Scale/Ds-minor/Dsm_i-VI-iv-V_9th.mid,progression,Ds,natural_minor,,124,4,20,Ds minor i-VI-iv-V (9th)
Progressions/By-Scale/Ds-minor/Dsm_i-VI-iv-V_triads.mid,progression,Ds,natural_minor,,124,4,12,Ds minor i-VI-iv-V (triads)
Progressions/By-Scale/Ds-minor/Dsm_i-VII-III-VI_7th.mid,progression,Ds,natural_minor,,124,4,16,Ds minor i-VII-III-VI (7th)
Progressions/By-Scale/Ds-minor/Dsm_i-VII-III-VI_9th.mid,progression,Ds,natural_minor,,124,4,20,Ds minor i-VII-III-VI (9th)
Progressions/By-Scale/Ds-minor/Dsm_i-VII-III-VI_triads.mid,progression,Ds,natural_minor,,124,4,12,Ds minor i-VII-III-VI (triads)
Progressions/By-Scale/Ds-minor/Dsm_i-VII-VI-VII_7th.mid,progression,Ds,natural_minor,,124,4,16,Ds minor i-VII-VI-VII (7th)
Progressions/By-Scale/Ds-minor/Dsm_i-VII-VI-VII_9th.mid,progression,Ds,natural_minor,,124,4,20,Ds minor i-VII-VI-VII (9th)
Progressions/By-Scale/Ds-minor/Dsm_i-VII-VI-VII_triads.mid,progression,Ds,natural_minor,,124,4,12,Ds minor i-VII-VI-VII (triads)
Progressions/By-Scale/Ds-minor/Dsm_i-iv-VI-V_7th.mid,progression,Ds,natural_minor,,124,4,16,Ds minor i-iv-VI-V (7th)
Progressions/By-Scale/Ds-minor/Dsm_i-iv-VI-V_9th.mid,progression,Ds,natural_minor,,124,4,20,Ds minor i-iv-VI-V (9th)
Progressions/By-Scale/Ds-minor/Dsm_i-iv-VI-V_triads.mid,progression,Ds,natural_minor,,124,4,12,Ds minor i-iv-VI-V (triads)
Progressions/By-Scale/Ds-minor/Dsm_i-iv-VII-III_7th.mid,progression,Ds,natural_minor,,124,4,16,Ds minor i-iv-VII-III (7th)
Progressions/By-Scale/Ds-minor/Dsm_i-iv-VII-III_9th.mid,progression,Ds,natural_minor,,124,4,20,Ds minor i-iv-VII-III (9th)
Progressions/By-Scale/Ds-minor/Dsm_i-iv-VII-III_triads.mid,progression,Ds,natural_minor,,124,4,12,Ds minor i-iv-VII-III (triads)
Progressions/By-Scale/Ds-minor/Dsm_i-iv-v-i_7th.mid,progression,Ds,natural_minor,,124,4,16,Ds minor i-iv-v-i (7th)
Progressions/By-Scale/Ds-minor/Dsm_i-iv-v-i_9th.mid,progression,Ds,natural_minor,,124,4,20,Ds minor i-iv-v-i (9th)
Progressions/By-Scale/Ds-minor/Dsm_i-iv-v-i_triads.mid,progression,Ds,natural_minor,,124,4,12,Ds minor i-iv-v-i (triads)
Progressions/By-Scale/Ds-minor/Dsm_i-v-VI-IV_borrow_7th.mid,progression,Ds,natural_minor,,124,4,16,Ds minor i-v-VI-IV_borrow (7th)
Progressions/By-Scale/Ds-minor/Dsm_i-v-VI-IV_borrow_9th.mid,progression,Ds,natural_minor,,124,4,20,Ds minor i-v-VI-IV_borrow (9th)
Progressions/By-Scale/Ds-minor/Dsm_i-v-VI-IV_borrow_triads.mid,progression,Ds,natural_minor,,124,4,12,Ds minor i-v-VI-IV_borrow (triads)
Progressions/By-Scale/E-minor/Em_VI-VII-i_7th.mid,progression,E,natural_minor,,124,3,12,E minor VI-VII-i (7th)
Progressions/By-Scale/E-minor/Em_VI-VII-i_9th.mid,progression,E,natural_minor,,124,3,15,E minor VI-VII-i (9th)
Progressions/By-Scale/E-minor/Em_VI-VII-i_triads.mid,progression,E,natural_minor,,124,3,9,E minor VI-VII-i (triads)
Progressions/By-Scale/E-minor/Em_i-III-VII-VI_7th.mid,progression,E,natural_minor,,124,4,16,E minor i-III-VII-VI (7th)
Progressions/By-Scale/E-minor/Em_i-III-VII-VI_9th.mid,progression,E,natural_minor,,124,4,20,E minor i-III-VII-VI (9th)
Progressions/By-Scale/E-minor/Em_i-III-VII-VI_triads.mid,progression,E,natural_minor,,124,4,12,E minor i-III-VII-VI (triads)
Progressions/By-Scale/E-minor/Em_i-VI-III-VII-alt_7th.mid,progression,E,natural_minor,,124,4,16,E minor i-VI-III-VII-alt (7th)
Progressions/By-Scale/E-minor/Em_i-VI-III-VII-alt_9th.mid,progression,E,natural_minor,,124,4,20,E minor i-VI-III-VII-alt (9th)
Progressions/By-Scale/E-minor/Em_i-VI-III-VII-alt_triads.mid,progression,E,natural_minor,,124,4,12,E minor i-VI-III-VII-alt (triads)
Progressions/By-Scale/E-minor/Em_i-VI-III-VII_7th.mid,progression,E,natural_minor,,124,4,16,E minor i-VI-III-VII (7th)
Progressions/By-Scale/E-minor/Em_i-VI-III-VII_9th.mid,progression,E,natural_minor,,124,4,20,E minor i-VI-III-VII (9th)
Progressions/By-Scale/E-minor/Em_i-VI-III-VII_triads.mid,progression,E,natural_minor,,124,4,12,E minor i-VI-III-VII (triads)
Progressions/By-Scale/E-minor/Em_i-VI-VII_7th.mid,progression,E,natural_minor,,124,3,12,E minor i-VI-VII (7th)
Progressions/By-Scale/E-minor/Em_i-VI-VII_9th.mid,progression,E,natural_minor,,124,3,15,E minor i-VI-VII (9th)
Progressions/By-Scale/E-minor/Em_i-VI-VII_triads.mid,progression,E,natural_minor,,124,3,9,E minor i-VI-VII (triads)
Progressions/By-Scale/E-minor/Em_i-VI-iv-V_7th.mid,progression,E,natural_minor,,124,4,16,E minor i-VI-iv-V (7th)
Progressions/By-Scale/E-minor/Em_i-VI-iv-V_9th.mid,progression,E,natural_minor,,124,4,20,E minor i-VI-iv-V (9th)
Progressions/By-Scale/E-minor/Em_i-VI-iv-V_triads.mid,progression,E,natural_minor,,124,4,12,E minor i-VI-iv-V (triads)
Progressions/By-Scale/E-minor/Em_i-VII-III-VI_7th.mid,progression,E,natural_minor,,124,4,16,E minor i-VII-III-VI (7th)
Progressions/By-Scale/E-minor/Em_i-VII-III-VI_9th.mid,progression,E,natural_minor,,124,4,20,E minor i-VII-III-VI (9th)
Progressions/By-Scale/E-minor/Em_i-VII-III-VI_triads.mid,progression,E,natural_minor,,124,4,12,E minor i-VII-III-VI (triads)
Progressions/By-Scale/E-minor/Em_i-VII-VI-VII_7th.mid,progression,E,natural_minor,,124,4,16,E minor i-VII-VI-VII (7th)
Progressions/By-Scale/E-minor/Em_i-VII-VI-VII_9th.mid,progression,E,natural_minor,,124,4,20,E minor i-VII-VI-VII (9th)
Progressions/By-Scale/E-minor/Em_i-VII-VI-VII_triads.mid,progression,E,natural_minor,,124,4,12,E minor i-VII-VI-VII (triads)
Progressions/By-Scale/E-minor/Em_i-iv-VI-V_7th.mid,progression,E,natural_minor,,124,4,16,E minor i-iv-VI-V (7th)
Progressions/By-Scale/E-minor/Em_i-iv-VI-V_9th.mid,progression,E,natural_minor,,124,4,20,E minor i-iv-VI-V (9th)
Progressions/By-Scale/E-minor/Em_i-iv-VI-V_triads.mid,progression,E,natural_minor,,124,4,12,E minor i-iv-VI-V (triads)
Progressions/By-Scale/E-minor/Em_i-iv-VII-III_7th.mid,progression,E,natural_minor,,124,4,16,E minor i-iv-VII-III (7th)
Progressions/By-Scale/E-minor/Em_i-iv-VII-III_9th.mid,progression,E,natural_minor,,124,4,20,E minor i-iv-VII-III (9th)
Progressions/By-Scale/E-minor/Em_i-iv-VII-III_triads.mid,progression,E,natural_minor,,124,4,12,E minor i-iv-VII-III (triads)
Progressions/By-Scale/E-minor/Em_i-iv-v-i_7th.mid,progression,E,natural_minor,,124,4,16,E minor i-iv-v-i (7th)
Progressions/By-Scale/E-minor/Em_i-iv-v-i_9th.mid,progression,E,natural_minor,,124,4,20,E minor i-iv-v-i (9th)
Progressions/By-Scale/E-minor/Em_i-iv-v-i_triads.mid,progression,E,natural_minor,,124,4,12,E minor i-iv-v-i (triads)
Progressions/By-Scale/E-minor/Em_i-v-VI-IV_borrow_7th.mid,progression,E,natural_minor,,124,4,16,E minor i-v-VI-IV_borrow (7th)
Progressions/By-Scale/E-minor/Em_i-v-VI-IV_borrow_9th.mid,progression,E,natural_minor,,124,4,20,E minor i-v-VI-IV_borrow (9th)
Progressions/By-Scale/E-minor/Em_i-v-VI-IV_borrow_triads.mid,progression,E,natural_minor,,124,4,12,E minor i-v-VI-IV_borrow (triads)
Progressions/By-Scale/F-minor/Fm_VI-VII-i_7th.mid,progression,F,natural_minor,,124,3,12,F minor VI-VII-i (7th)
Progressions/By-Scale/F-minor/Fm_VI-VII-i_9th.mid,progression,F,natural_minor,,124,3,15,F minor VI-VII-i (9th)
Progressions/By-Scale/F-minor/Fm_VI-VII-i_triads.mid,progression,F,natural_minor,,124,3,9,F minor VI-VII-i (triads)
Progressions/By-Scale/F-minor/Fm_i-III-VII-VI_7th.mid,progression,F,natural_minor,,124,4,16,F minor i-III-VII-VI (7th)
Progressions/By-Scale/F-minor/Fm_i-III-VII-VI_9th.mid,progression,F,natural_minor,,124,4,20,F minor i-III-VII-VI (9th)
Progressions/By-Scale/F-minor/Fm_i-III-VII-VI_triads.mid,progression,F,natural_minor,,124,4,12,F minor i-III-VII-VI (triads)
Progressions/By-Scale/F-minor/Fm_i-VI-III-VII-alt_7th.mid,progression,F,natural_minor,,124,4,16,F minor i-VI-III-VII-alt (7th)
Progressions/By-Scale/F-minor/Fm_i-VI-III-VII-alt_9th.mid,progression,F,natural_minor,,124,4,20,F minor i-VI-III-VII-alt (9th)
Progressions/By-Scale/F-minor/Fm_i-VI-III-VII-alt_triads.mid,progression,F,natural_minor,,124,4,12,F minor i-VI-III-VII-alt (triads)
Progressions/By-Scale/F-minor/Fm_i-VI-III-VII_7th.mid,progression,F,natural_minor,,124,4,16,F minor i-VI-III-VII (7th)
Progressions/By-Scale/F-minor/Fm_i-VI-III-VII_9th.mid,progression,F,natural_minor,,124,4,20,F minor i-VI-III-VII (9th)
Progressions/By-Scale/F-minor/Fm_i-VI-III-VII_triads.mid,progression,F,natural_minor,,124,4,12,F minor i-VI-III-VII (triads)
Progressions/By-Scale/F-minor/Fm_i-VI-VII_7th.mid,progression,F,natural_minor,,124,3,12,F minor i-VI-VII (7th)
Progressions/By-Scale/F-minor/Fm_i-VI-VII_9th.mid,progression,F,natural_minor,,124,3,15,F minor i-VI-VII (9th)
Progressions/By-Scale/F-minor/Fm_i-VI-VII_triads.mid,progression,F,natural_minor,,124,3,9,F minor i-VI-VII (triads)
Progressions/By-Scale/F-minor/Fm_i-VI-iv-V_7th.mid,progression,F,natural_minor,,124,4,16,F minor i-VI-iv-V (7th)
Progressions/By-Scale/F-minor/Fm_i-VI-iv-V_9th.mid,progression,F,natural_minor,,124,4,20,F minor i-VI-iv-V (9th)
Progressions/By-Scale/F-minor/Fm_i-VI-iv-V_triads.mid,progression,F,natural_minor,,124,4,12,F minor i-VI-iv-V (triads)
Progressions/By-Scale/F-minor/Fm_i-VII-III-VI_7th.mid,progression,F,natural_minor,,124,4,16,F minor i-VII-III-VI (7th)
Progressions/By-Scale/F-minor/Fm_i-VII-III-VI_9th.mid,progression,F,natural_minor,,124,4,20,F minor i-VII-III-VI (9th)
Progressions/By-Scale/F-minor/Fm_i-VII-III-VI_triads.mid,progression,F,natural_minor,,124,4,12,F minor i-VII-III-VI (triads)
Progressions/By-Scale/F-minor/Fm_i-VII-VI-VII_7th.mid,progression,F,natural_minor,,124,4,16,F minor i-VII-VI-VII (7th)
Progressions/By-Scale/F-minor/Fm_i-VII-VI-VII_9th.mid,progression,F,natural_minor,,124,4,20,F minor i-VII-VI-VII (9th)
Progressions/By-Scale/F-minor/Fm_i-VII-VI-VII_triads.mid,progression,F,natural_minor,,124,4,12,F minor i-VII-VI-VII (triads)
Progressions/By-Scale/F-minor/Fm_i-iv-VI-V_7th.mid,progression,F,natural_minor,,124,4,16,F minor i-iv-VI-V (7th)
Progressions/By-Scale/F-minor/Fm_i-iv-VI-V_9th.mid,progression,F,natural_minor,,124,4,20,F minor i-iv-VI-V (9th)
Progressions/By-Scale/F-minor/Fm_i-iv-VI-V_triads.mid,progression,F,natural_minor,,124,4,12,F minor i-iv-VI-V (triads)
Progressions/By-Scale/F-minor/Fm_i-iv-VII-III_7th.mid,progression,F,natural_minor,,124,4,16,F minor i-iv-VII-III (7th)
Progressions/By-Scale/F-minor/Fm_i-iv-VII-III_9th.mid,progression,F,natural_minor,,124,4,20,F minor i-iv-VII-III (9th)
Progressions/By-Scale/F-minor/Fm_i-iv-VII-III_triads.mid,progression,F,natural_minor,,124,4,12,F minor i-iv-VII-III (triads)
Progressions/By-Scale/F-minor/Fm_i-iv-v-i_7th.mid,progression,F,natural_minor,,124,4,16,F minor i-iv-v-i (7th)
Progressions/By-Scale/F-minor/Fm_i-iv-v-i_9th.mid,progression,F,natural_minor,,124,4,20,F minor i-iv-v-i (9th)
Progressions/By-Scale/F-minor/Fm_i-iv-v-i_triads.mid,progression,F,natural_minor,,124,4,12,F minor i-iv-v-i (triads)
Progressions/By-Scale/F-minor/Fm_i-v-VI-IV_borrow_7th.mid,progression,F,natural_minor,,124,4,16,F minor i-v-VI-IV_borrow (7th)
Progressions/By-Scale/F-minor/Fm_i-v-VI-IV_borrow_9th.mid,progression,F,natural_minor,,124,4,20,F minor i-v-VI-IV_borrow (9th)
Progressions/By-Scale/F-minor/Fm_i-v-VI-IV_borrow_triads.mid,progression,F,natural_minor,,124,4,12,F minor i-v-VI-IV_borrow (triads)
Progressions/By-Scale/Fs-minor/Fsm_VI-VII-i_7th.mid,progression,Fs,natural_minor,,124,3,12,Fs minor VI-VII-i (7th)
Progressions/By-Scale/Fs-minor/Fsm_VI-VII-i_9th.mid,progression,Fs,natural_minor,,124,3,15,Fs minor VI-VII-i (9th)
Progressions/By-Scale/Fs-minor/Fsm_VI-VII-i_triads.mid,progression,Fs,natural_minor,,124,3,9,Fs minor VI-VII-i (triads)
Progressions/By-Scale/Fs-minor/Fsm_i-III-VII-VI_7th.mid,progression,Fs,natural_minor,,124,4,16,Fs minor i-III-VII-VI (7th)
Progressions/By-Scale/Fs-minor/Fsm_i-III-VII-VI_9th.mid,progression,Fs,natural_minor,,124,4,20,Fs minor i-III-VII-VI (9th)
Progressions/By-Scale/Fs-minor/Fsm_i-III-VII-VI_triads.mid,progression,Fs,natural_minor,,124,4,12,Fs minor i-III-VII-VI (triads)
Progressions/By-Scale/Fs-minor/Fsm_i-VI-III-VII-alt_7th.mid,progression,Fs,natural_minor,,124,4,16,Fs minor i-VI-III-VII-alt (7th)
Progressions/By-Scale/Fs-minor/Fsm_i-VI-III-VII-alt_9th.mid,progression,Fs,natural_minor,,124,4,20,Fs minor i-VI-III-VII-alt (9th)
Progressions/By-Scale/Fs-minor/Fsm_i-VI-III-VII-alt_triads.mid,progression,Fs,natural_minor,,124,4,12,Fs minor i-VI-III-VII-alt (triads)
Progressions/By-Scale/Fs-minor/Fsm_i-VI-III-VII_7th.mid,progression,Fs,natural_minor,,124,4,16,Fs minor i-VI-III-VII (7th)
Progressions/By-Scale/Fs-minor/Fsm_i-VI-III-VII_9th.mid,progression,Fs,natural_minor,,124,4,20,Fs minor i-VI-III-VII (9th)
Progressions/By-Scale/Fs-minor/Fsm_i-VI-III-VII_triads.mid,progression,Fs,natural_minor,,124,4,12,Fs minor i-VI-III-VII (triads)
Progressions/By-Scale/Fs-minor/Fsm_i-VI-VII_7th.mid,progression,Fs,natural_minor,,124,3,12,Fs minor i-VI-VII (7th)
Progressions/By-Scale/Fs-minor/Fsm_i-VI-VII_9th.mid,progression,Fs,natural_minor,,124,3,15,Fs minor i-VI-VII (9th)
Progressions/By-Scale/Fs-minor/Fsm_i-VI-VII_triads.mid,progression,Fs,natural_minor,,124,3,9,Fs minor i-VI-VII (triads)
Progressions/By-Scale/Fs-minor/Fsm_i-VI-iv-V_7th.mid,progression,Fs,natural_minor,,124,4,16,Fs minor i-VI-iv-V (7th)
Progressions/By-Scale/Fs-minor/Fsm_i-VI-iv-V_9th.mid,progression,Fs,natural_minor,,124,4,20,Fs minor i-VI-iv-V (9th)
Progressions/By-Scale/Fs-minor/Fsm_i-VI-iv-V_triads.mid,progression,Fs,natural_minor,,124,4,12,Fs minor i-VI-iv-V (triads)
Progressions/By-Scale/Fs-minor/Fsm_i-VII-III-VI_7th.mid,progression,Fs,natural_minor,,124,4,16,Fs minor i-VII-III-VI (7th)
Progressions/By-Scale/Fs-minor/Fsm_i-VII-III-VI_9th.mid,progression,Fs,natural_minor,,124,4,20,Fs minor i-VII-III-VI (9th)
Progressions/By-Scale/Fs-minor/Fsm_i-VII-III-VI_triads.mid,progression,Fs,natural_minor,,124,4,12,Fs minor i-VII-III-VI (triads)
Progressions/By-Scale/Fs-minor/Fsm_i-VII-VI-VII_7th.mid,progression,Fs,natural_minor,,124,4,16,Fs minor i-VII-VI-VII (7th)
Progressions/By-Scale/Fs-minor/Fsm_i-VII-VI-VII_9th.mid,progression,Fs,natural_minor,,124,4,20,Fs minor i-VII-VI-VII (9th)
Progressions/By-Scale/Fs-minor/Fsm_i-VII-VI-VII_triads.mid,progression,Fs,natural_minor,,124,4,12,Fs minor i-VII-VI-VII (triads)
Progressions/By-Scale/Fs-minor/Fsm_i-iv-VI-V_7th.mid,progression,Fs,natural_minor,,124,4,16,Fs minor i-iv-VI-V (7th)
Progressions/By-Scale/Fs-minor/Fsm_i-iv-VI-V_9th.mid,progression,Fs,natural_minor,,124,4,20,Fs minor i-iv-VI-V (9th)
Progressions/By-Scale/Fs-minor/Fsm_i-iv-VI-V_triads.mid,progression,Fs,natural_minor,,124,4,12,Fs minor i-iv-VI-V (triads)
Progressions/By-Scale/Fs-minor/Fsm_i-iv-VII-III_7th.mid,progression,Fs,natural_minor,,124,4,16,Fs minor i-iv-VII-III (7th)
Progressions/By-Scale/Fs-minor/Fsm_i-iv-VII-III_9th.mid,progression,Fs,natural_minor,,124,4,20,Fs minor i-iv-VII-III (9th)
Progressions/By-Scale/Fs-minor/Fsm_i-iv-VII-III_triads.mid,progression,Fs,natural_minor,,124,4,12,Fs minor i-iv-VII-III (triads)
Progressions/By-Scale/Fs-minor/Fsm_i-iv-v-i_7th.mid,progression,Fs,natural_minor,,124,4,16,Fs minor i-iv-v-i (7th)
Progressions/By-Scale/Fs-minor/Fsm_i-iv-v-i_9th.mid,progression,Fs,natural_minor,,124,4,20,Fs minor i-iv-v-i (9th)
Progressions/By-Scale/Fs-minor/Fsm_i-iv-v-i_triads.mid,progression,Fs,natural_minor,,124,4,12,Fs minor i-iv-v-i (triads)
Progressions/By-Scale/Fs-minor/Fsm_i-v-VI-IV_borrow_7th.mid,progression,Fs,natural_minor,,124,4,16,Fs minor i-v-VI-IV_borrow (7th)
Progressions/By-Scale/Fs-minor/Fsm_i-v-VI-IV_borrow_9th.mid,progression,Fs,natural_minor,,124,4,20,Fs minor i-v-VI-IV_borrow (9th)
Progressions/By-Scale/Fs-minor/Fsm_i-v-VI-IV_borrow_triads.mid,progression,Fs,natural_minor,,124,4,12,Fs minor i-v-VI-IV_borrow (triads)
Progressions/By-Scale/G-minor/Gm_VI-VII-i_7th.mid,progression,G,natural_minor,,124,3,12,G minor VI-VII-i (7th)
Progressions/By-Scale/G-minor/Gm_VI-VII-i_9th.mid,progression,G,natural_minor,,124,3,15,G minor VI-VII-i (9th)
Progressions/By-Scale/G-minor/Gm_VI-VII-i_triads.mid,progression,G,natural_minor,,124,3,9,G minor VI-VII-i (triads)
Progressions/By-Scale/G-minor/Gm_i-III-VII-VI_7th.mid,progression,G,natural_minor,,124,4,16,G minor i-III-VII-VI (7th)
Progressions/By-Scale/G-minor/Gm_i-III-VII-VI_9th.mid,progression,G,natural_minor,,124,4,20,G minor i-III-VII-VI (9th)
Progressions/By-Scale/G-minor/Gm_i-III-VII-VI_triads.mid,progression,G,natural_minor,,124,4,12,G minor i-III-VII-VI (triads)
Progressions/By-Scale/G-minor/Gm_i-VI-III-VII-alt_7th.mid,progression,G,natural_minor,,124,4,16,G minor i-VI-III-VII-alt (7th)
Progressions/By-Scale/G-minor/Gm_i-VI-III-VII-alt_9th.mid,progression,G,natural_minor,,124,4,20,G minor i-VI-III-VII-alt (9th)
Progressions/By-Scale/G-minor/Gm_i-VI-III-VII-alt_triads.mid,progression,G,natural_minor,,124,4,12,G minor i-VI-III-VII-alt (triads)
Progressions/By-Scale/G-minor/Gm_i-VI-III-VII_7th.mid,progression,G,natural_minor,,124,4,16,G minor i-VI-III-VII (7th)
Progressions/By-Scale/G-minor/Gm_i-VI-III-VII_9th.mid,progression,G,natural_minor,,124,4,20,G minor i-VI-III-VII (9th)
Progressions/By-Scale/G-minor/Gm_i-VI-III-VII_triads.mid,progression,G,natural_minor,,124,4,12,G minor i-VI-III-VII (triads)
Progressions/By-Scale/G-minor/Gm_i-VI-VII_7th.mid,progression,G,natural_minor,,124,3,12,G minor i-VI-VII (7th)
Progressions/By-Scale/G-minor/Gm_i-VI-VII_9th.mid,progression,G,natural_minor,,124,3,15,G minor i-VI-VII (9th)
Progressions/By-Scale/G-minor/Gm_i-VI-VII_triads.mid,progression,G,natural_minor,,124,3,9,G minor i-VI-VII (triads)
Progressions/By-Scale/G-minor/Gm_i-VI-iv-V_7th.mid,progression,G,natural_minor,,124,4,16,G minor i-VI-iv-V (7th)
Progressions/By-Scale/G-minor/Gm_i-VI-iv-V_9th.mid,progression,G,natural_minor,,124,4,20,G minor i-VI-iv-V (9th)
Progressions/By-Scale/G-minor/Gm_i-VI-iv-V_triads.mid,progression,G,natural_minor,,124,4,12,G minor i-VI-iv-V (triads)
Progressions/By-Scale/G-minor/Gm_i-VII-III-VI_7th.mid,progression,G,natural_minor,,124,4,16,G minor i-VII-III-VI (7th)
Progressions/By-Scale/G-minor/Gm_i-VII-III-VI_9th.mid,progression,G,natural_minor,,124,4,20,G minor i-VII-III-VI (9th)
Progressions/By-Scale/G-minor/Gm_i-VII-III-VI_triads.mid,progression,G,natural_minor,,124,4,12,G minor i-VII-III-VI (triads)
Progressions/By-Scale/G-minor/Gm_i-VII-VI-VII_7th.mid,progression,G,natural_minor,,124,4,16,G minor i-VII-VI-VII (7th)
Progressions/By-Scale/G-minor/Gm_i-VII-VI-VII_9th.mid,progression,G,natural_minor,,124,4,20,G minor i-VII-VI-VII (9th)
Progressions/By-Scale/G-minor/Gm_i-VII-VI-VII_triads.mid,progression,G,natural_minor,,124,4,12,G minor i-VII-VI-VII (triads)
Progressions/By-Scale/G-minor/Gm_i-iv-VI-V_7th.mid,progression,G,natural_minor,,124,4,16,G minor i-iv-VI-V (7th)
Progressions/By-Scale/G-minor/Gm_i-iv-VI-V_9th.mid,progression,G,natural_minor,,124,4,20,G minor i-iv-VI-V (9th)
Progressions/By-Scale/G-minor/Gm_i-iv-VI-V_triads.mid,progression,G,natural_minor,,124,4,12,G minor i-iv-VI-V (triads)
Progressions/By-Scale/G-minor/Gm_i-iv-VII-III_7th.mid,progression,G,natural_minor,,124,4,16,G minor i-iv-VII-III (7th)
Progressions/By-Scale/G-minor/Gm_i-iv-VII-III_9th.mid,progression,G,natural_minor,,124,4,20,G minor i-iv-VII-III (9th)
Progressions/By-Scale/G-minor/Gm_i-iv-VII-III_triads.mid,progression,G,natural_minor,,124,4,12,G minor i-iv-VII-III (triads)
Progressions/By-Scale/G-minor/Gm_i-iv-v-i_7th.mid,progression,G,natural_minor,,124,4,16,G minor i-iv-v-i (7th)
Progressions/By-Scale/G-minor/Gm_i-iv-v-i_9th.mid,progression,G,natural_minor,,124,4,20,G minor i-iv-v-i (9th)
Progressions/By-Scale/G-minor/Gm_i-iv-v-i_triads.mid,progression,G,natural_minor,,124,4,12,G minor i-iv-v-i (triads)
Progressions/By-Scale/G-minor/Gm_i-v-VI-IV_borrow_7th.mid,progression,G,natural_minor,,124,4,16,G minor i-v-VI-IV_borrow (7th)
Progressions/By-Scale/G-minor/Gm_i-v-VI-IV_borrow_9th.mid,progression,G,natural_minor,,124,4,20,G minor i-v-VI-IV_borrow (9th)
Progressions/By-Scale/G-minor/Gm_i-v-VI-IV_borrow_triads.mid,progression,G,natural_minor,,124,4,12,G minor i-v-VI-IV_borrow (triads)
Progressions/By-Scale/Gs-minor/Gsm_VI-VII-i_7th.mid,progression,Gs,natural_minor,,124,3,12,Gs minor VI-VII-i (7th)
Progressions/By-Scale/Gs-minor/Gsm_VI-VII-i_9th.mid,progression,Gs,natural_minor,,124,3,15,Gs minor VI-VII-i (9th)
Progressions/By-Scale/Gs-minor/Gsm_VI-VII-i_triads.mid,progression,Gs,natural_minor,,124,3,9,Gs minor VI-VII-i (triads)
Progressions/By-Scale/Gs-minor/Gsm_i-III-VII-VI_7th.mid,progression,Gs,natural_minor,,124,4,16,Gs minor i-III-VII-VI (7th)
Progressions/By-Scale/Gs-minor/Gsm_i-III-VII-VI_9th.mid,progression,Gs,natural_minor,,124,4,20,Gs minor i-III-VII-VI (9th)
Progressions/By-Scale/Gs-minor/Gsm_i-III-VII-VI_triads.mid,progression,Gs,natural_minor,,124,4,12,Gs minor i-III-VII-VI (triads)
Progressions/By-Scale/Gs-minor/Gsm_i-VI-III-VII-alt_7th.mid,progression,Gs,natural_minor,,124,4,16,Gs minor i-VI-III-VII-alt (7th)
Progressions/By-Scale/Gs-minor/Gsm_i-VI-III-VII-alt_9th.mid,progression,Gs,natural_minor,,124,4,20,Gs minor i-VI-III-VII-alt (9th)
Progressions/By-Scale/Gs-minor/Gsm_i-VI-III-VII-alt_triads.mid,progression,Gs,natural_minor,,124,4,12,Gs minor i-VI-III-VII-alt (triads)
Progressions/By-Scale/Gs-minor/Gsm_i-VI-III-VII_7th.mid,progression,Gs,natural_minor,,124,4,16,Gs minor i-VI-III-VII (7th)
Progressions/By-Scale/Gs-minor/Gsm_i-VI-III-VII_9th.mid,progression,Gs,natural_minor,,124,4,20,Gs minor i-VI-III-VII (9th)
Progressions/By-Scale/Gs-minor/Gsm_i-VI-III-VII_triads.mid,progression,Gs,natural_minor,,124,4,12,Gs minor i-VI-III-VII (triads)
Progressions/By-Scale/Gs-minor/Gsm_i-VI-VII_7th.mid,progression,Gs,natural_minor,,124,3,12,Gs minor i-VI-VII (7th)
Progressions/By-Scale/Gs-minor/Gsm_i-VI-VII_9th.mid,progression,Gs,natural_minor,,124,3,15,Gs minor i-VI-VII (9th)
Progressions/By-Scale/Gs-minor/Gsm_i-VI-VII_triads.mid,progression,Gs,natural_minor,,124,3,9,Gs minor i-VI-VII (triads)
Progressions/By-Scale/Gs-minor/Gsm_i-VI-iv-V_7th.mid,progression,Gs,natural_minor,,124,4,16,Gs minor i-VI-iv-V (7th)
Progressions/By-Scale/Gs-minor/Gsm_i-VI-iv-V_9th.mid,progression,Gs,natural_minor,,124,4,20,Gs minor i-VI-iv-V (9th)
Progressions/By-Scale/Gs-minor/Gsm_i-VI-iv-V_triads.mid,progression,Gs,natural_minor,,124,4,12,Gs minor i-VI-iv-V (triads)
Progressions/By-Scale/Gs-minor/Gsm_i-VII-III-VI_7th.mid,progression,Gs,natural_minor,,124,4,16,Gs minor i-VII-III-VI (7th)
Progressions/By-Scale/Gs-minor/Gsm_i-VII-III-VI_9th.mid,progression,Gs,natural_minor,,124,4,20,Gs minor i-VII-III-VI (9th)
Progressions/By-Scale/Gs-minor/Gsm_i-VII-III-VI_triads.mid,progression,Gs,natural_minor,,124,4,12,Gs minor i-VII-III-VI (triads)
Progressions/By-Scale/Gs-minor/Gsm_i-VII-VI-VII_7th.mid,progression,Gs,natural_minor,,124,4,16,Gs minor i-VII-VI-VII (7th)
Progressions/By-Scale/Gs-minor/Gsm_i-VII-VI-VII_9th.mid,progression,Gs,natural_minor,,124,4,20,Gs minor i-VII-VI-VII (9th)
Progressions/By-Scale/Gs-minor/Gsm_i-VII-VI-VII_triads.mid,progression,Gs,natural_minor,,124,4,12,Gs minor i-VII-VI-VII (triads)
Progressions/By-Scale/Gs-minor/Gsm_i-iv-VI-V_7th.mid,progression,Gs,natural_minor,,124,4,16,Gs minor i-iv-VI-V (7th)
Progressions/By-Scale/Gs-minor/Gsm_i-iv-VI-V_9th.mid,progression,Gs,natural_minor,,124,4,20,Gs minor i-iv-VI-V (9th)
Progressions/By-Scale/Gs-minor/Gsm_i-iv-VI-V_triads.mid,progression,Gs,natural_minor,,124,4,12,Gs minor i-iv-VI-V (triads)
Progressions/By-Scale/Gs-minor/Gsm_i-iv-VII-III_7th.mid,progression,Gs,natural_minor,,124,4,16,Gs minor i-iv-VII-III (7th)
Progressions/By-Scale/Gs-minor/Gsm_i-iv-VII-III_9th.mid,progression,Gs,natural_minor,,124,4,20,Gs minor i-iv-VII-III (9th)
Progressions/By-Scale/Gs-minor/Gsm_i-iv-VII-III_triads.mid,progression,Gs,natural_minor,,124,4,12,Gs minor i-iv-VII-III (triads)
Progressions/By-Scale/Gs-minor/Gsm_i-iv-v-i_7th.mid,progression,Gs,natural_minor,,124,4,16,Gs minor i-iv-v-i (7th)
Progressions/By-Scale/Gs-minor/Gsm_i-iv-v-i_9th.mid,progression,Gs,natural_minor,,124,4,20,Gs minor i-iv-v-i (9th)
Progressions/By-Scale/Gs-minor/Gsm_i-iv-v-i_triads.mid,progression,Gs,natural_minor,,124,4,12,Gs minor i-iv-v-i (triads)
Progressions/By-Scale/Gs-minor/Gsm_i-v-VI-IV_borrow_7th.mid,progression,Gs,natural_minor,,124,4,16,Gs minor i-v-VI-IV_borrow (7th)
Progressions/By-Scale/Gs-minor/Gsm_i-v-VI-IV_borrow_9th.mid,progression,Gs,natural_minor,,124,4,20,Gs minor i-v-VI-IV_borrow (9th)
Progressions/By-Scale/Gs-minor/Gsm_i-v-VI-IV_borrow_triads.mid,progression,Gs,natural_minor,,124,4,12,Gs minor i-v-VI-IV_borrow (triads)
